binzarization__V5_b'v1',binzarization__V5_b'v2',binzarization__V6_b'v1',binzarization__V6_b'v2',binzarization__V8_b'v1',binzarization__V8_b'v2',binzarization__V8_b'v3',binzarization__V10_b'v1',binzarization__V10_b'v2',binzarization__V10_b'v3',standardization__V1,standardization__V2,standardization__V3,standardization__V4,standardization__V7,standardization__V9,standardization__V11,standardization__V12,Class
0.0,1.0,0.0,1.0,0.0,0.0,1.0,0.0,1.0,0.0,-1.048974788826113,1.2826221593082545,-1.397182558912936,-1.1765385906044967,-0.5231299077390487,1.3961879299006554,0.870692189471389,-1.2742252900142526,1
0.0,1.0,0.0,1.0,1.0,0.0,0.0,0.0,0.0,1.0,0.2653153688290616,-1.0327841691365527,1.148100021719848,1.2694875852884278,-1.2622926132907597,-1.2381289189685056,1.7134878428170368,1.6349648698356394,1
1.0,0.0,1.0,0.0,1.0,0.0,0.0,0.0,1.0,0.0,0.6078014033971851,-1.05331992371256,0.4377886038688388,-1.1765385906044967,-0.7990662108034385,0.07902950546607491,-0.01424324654154166,0.1803697899106933,1
0.0,1.0,1.0,0.0,1.0,0.0,0.0,0.0,0.0,1.0,-0.3640027196898656,1.2774882206642528,-1.397182558912936,0.046474497341965605,0.34400325720484326,1.3961879299006554,0.1753857754612293,-1.2742252900142526,3
1.0,0.0,0.0,1.0,1.0,0.0,0.0,0.0,0.0,1.0,0.7062661383355205,1.1953452023602242,-1.397182558912936,-1.1765385906044967,-0.32517560336676893,-1.2381289189685056,0.575713710800412,1.6349648698356394,3
0.0,1.0,1.0,0.0,1.0,0.0,0.0,0.0,1.0,0.0,-0.8049534891963249,-0.5193903047363737,0.9705221672570962,1.2694875852884278,-0.3491700645028028,-1.2381289189685056,1.0181814288068771,0.1803697899106933,3
0.0,1.0,1.0,0.0,0.0,0.0,1.0,0.0,0.0,1.0,-0.7921102629000202,-0.7760872369364632,0.2602107494060862,0.046474497341965605,-0.39849201239353915,0.07902950546607491,0.07003631879302322,-1.2742252900142526,4
1.0,0.0,0.0,1.0,1.0,0.0,0.0,1.0,0.0,0.0,-0.954791129319879,-1.1200611260845832,-0.9828342318331806,1.2694875852884278,1.283119805556837,1.3961879299006554,-1.3837861832282194,0.1803697899106933,3
0.0,1.0,0.0,1.0,1.0,0.0,0.0,1.0,0.0,0.0,-0.5138403598134197,0.9027106996521221,0.8521369309485944,-1.1765385906044967,1.2484611394714544,-1.2381289189685056,1.2499502334769306,1.6349648698356394,2
1.0,0.0,0.0,1.0,0.0,0.0,1.0,0.0,1.0,0.0,1.0573143237678473,0.9181125155841274,-1.456375177067187,-1.1765385906044967,-1.1583166150346127,1.3961879299006554,0.3228750147967178,1.6349648698356394,3
1.0,0.0,1.0,0.0,1.0,0.0,0.0,0.0,1.0,0.0,1.2456816427803155,-0.9147035803245115,0.14182551309758482,-1.1765385906044967,1.4104237521396834,1.3961879299006554,-1.320576509227296,0.1803697899106933,4
1.0,0.0,1.0,0.0,1.0,0.0,0.0,0.0,0.0,1.0,-0.06860851487485901,1.0823985521921848,0.49698122202308964,-1.1765385906044967,1.4610787256490883,-1.2381289189685056,-0.11959270320974776,-1.2742252900142526,4
1.0,0.0,1.0,0.0,1.0,0.0,0.0,0.0,1.0,0.0,-1.1345962974681438,-1.1097932487965796,1.6808335851081058,1.2694875852884278,-0.35983426945215125,-1.2381289189685056,0.870692189471389,0.1803697899106933,3
1.0,0.0,1.0,0.0,1.0,0.0,0.0,0.0,1.0,0.0,1.3527085285828542,1.0361931043961687,0.08263289494333396,1.2694875852884278,-1.0496750271131259,0.07902950546607491,-0.6252700952171363,0.1803697899106933,4
0.0,1.0,0.0,1.0,1.0,0.0,0.0,1.0,0.0,0.0,-1.0018829590729958,1.0310591657521668,-0.15413757767366948,1.2694875852884278,-1.2462963058667371,0.07902950546607491,1.6502781688161132,-1.2742252900142526,3
1.0,0.0,0.0,1.0,1.0,0.0,0.0,0.0,1.0,0.0,0.7362336663602315,-1.1149271874405813,0.9113295491028454,-1.1765385906044967,1.4864062124037907,0.07902950546607491,-0.45671096454800675,1.6349648698356394,4
1.0,0.0,1.0,0.0,1.0,0.0,0.0,0.0,1.0,0.0,-0.8306399417889342,-0.9095696416805097,-1.456375177067187,0.046474497341965605,1.0951631933245713,-1.2381289189685056,1.7556276254843193,0.1803697899106933,4
1.0,0.0,0.0,1.0,1.0,0.0,0.0,0.0,0.0,1.0,-0.9505100538877773,0.8257016199920952,1.3848704943368515,1.2694875852884278,-0.19920468240259093,-1.2381289189685056,-0.8570388998871894,0.1803697899106933,3
1.0,0.0,0.0,1.0,1.0,0.0,0.0,0.0,1.0,0.0,-0.36828379512196724,1.174809447784217,-1.397182558912936,0.046474497341965605,1.1251562697446136,0.07902950546607491,0.7442728414695418,0.1803697899106933,4
0.0,1.0,1.0,0.0,1.0,0.0,0.0,1.0,0.0,0.0,-1.1388773729002453,0.9335143315161328,-1.456375177067187,0.046474497341965605,0.7492430452800825,0.07902950546607491,0.21752555812851174,0.1803697899106933,4
0.0,1.0,0.0,1.0,1.0,0.0,0.0,0.0,0.0,1.0,0.590677101668779,0.8359694972800988,0.8521369309485944,1.2694875852884278,-0.33250724426944595,-1.2381289189685056,0.7653427328031829,0.1803697899106933,0
1.0,0.0,1.0,0.0,1.0,0.0,0.0,0.0,1.0,0.0,-1.104628769443433,1.4828457664243244,0.9113295491028454,-1.1765385906044967,1.3131128819768791,0.07902950546607491,0.7864126241368241,0.1803697899106933,4
0.0,1.0,1.0,0.0,1.0,0.0,0.0,0.0,0.0,1.0,-1.1131909203076362,0.9951215952441543,-1.160412086295933,0.046474497341965605,-0.3658328847361597,0.07902950546607491,1.207810450809648,-1.2742252900142526,4
1.0,0.0,1.0,0.0,1.0,0.0,0.0,0.0,1.0,0.0,0.6720175348787081,-0.7914890528684686,-1.456375177067187,1.2694875852884278,1.457746161602417,1.3961879299006554,0.34394490613035905,0.1803697899106933,2
1.0,0.0,1.0,0.0,1.0,0.0,0.0,0.0,0.0,1.0,0.6120824788292866,-0.976310844052533,-1.397182558912936,0.046474497341965605,-0.8830468247795571,0.07902950546607491,0.4914341454658471,0.1803697899106933,4
0.0,1.0,0.0,1.0,1.0,0.0,0.0,0.0,0.0,1.0,1.0915629272246596,1.1645415704962134,-1.1012194681416823,-1.1765385906044967,-0.8263932359861438,0.07902950546607491,0.11217610146030564,0.1803697899106933,4
1.0,0.0,0.0,1.0,1.0,0.0,0.0,1.0,0.0,0.0,-0.8220777909247311,-1.1046593101525777,0.49698122202308964,1.2694875852884278,0.5352924334837802,1.3961879299006554,-0.2670819425452358,-1.2742252900142526,3
1.0,0.0,0.0,1.0,1.0,0.0,0.0,0.0,1.0,0.0,-0.9119803749988635,-0.9044357030365079,0.023440276789083104,1.2694875852884278,1.099162270180577,0.07902950546607491,1.1656706681423656,1.6349648698356394,4
0.0,1.0,0.0,1.0,0.0,1.0,0.0,0.0,1.0,0.0,-0.8349210172210356,-0.5142563660923719,-1.397182558912936,1.2694875852884278,-1.1656482559372898,1.3961879299006554,0.44929436279856466,0.1803697899106933,3
0.0,1.0,0.0,1.0,0.0,0.0,1.0,1.0,0.0,0.0,-1.0875044677150267,1.1542736932082098,-0.6868711410619265,-1.1765385906044967,1.3757650860543011,-1.2381289189685056,-1.362716291894578,-1.2742252900142526,1
1.0,0.0,1.0,0.0,1.0,0.0,0.0,0.0,1.0,0.0,-0.41109454944298274,0.7743622335520773,-0.5092932865991743,-1.1765385906044967,-0.8203946207021353,1.3961879299006554,0.0068266447920995585,-1.2742252900142526,2
1.0,0.0,1.0,0.0,1.0,0.0,0.0,0.0,1.0,0.0,-1.057536939690316,-1.0019805372725419,-1.397182558912936,0.046474497341965605,0.9638601698857191,-1.2381289189685056,-0.24601205121159458,-1.2742252900142526,4
0.0,1.0,1.0,0.0,1.0,0.0,0.0,1.0,0.0,0.0,0.6120824788292866,-0.6990781572764363,1.029714785411347,1.2694875852884278,0.8412218129682124,-1.2381289189685056,1.397439472812419,1.6349648698356394,0
1.0,0.0,0.0,1.0,1.0,0.0,0.0,0.0,0.0,1.0,1.361270679447057,-1.022516291848549,0.31940336756033705,-1.1765385906044967,-1.1409872819919216,0.07902950546607491,-0.45671096454800675,1.6349648698356394,4
0.0,1.0,0.0,1.0,1.0,0.0,0.0,1.0,0.0,0.0,0.7447958172244343,-1.1200611260845832,-1.397182558912936,0.046474497341965605,1.4597457000304197,1.3961879299006554,0.3228750147967178,0.1803697899106933,3
1.0,0.0,1.0,0.0,1.0,0.0,0.0,1.0,0.0,0.0,1.1557790587061827,-1.073855678288567,0.2602107494060862,-1.1765385906044967,1.1204906800792738,0.07902950546607491,0.027896536125740775,0.1803697899106933,4
1.0,0.0,0.0,1.0,1.0,0.0,0.0,1.0,0.0,0.0,-1.1003476940113315,0.9335143315161328,1.3848704943368515,-1.1765385906044967,-0.3918268843001964,-1.2381289189685056,0.07003631879302322,0.1803697899106933,4
0.0,1.0,1.0,0.0,1.0,0.0,0.0,0.0,0.0,1.0,0.04269944635978107,0.9643179633801436,-1.456375177067187,0.046474497341965605,1.4224209827077003,1.3961879299006554,0.4703642541322059,-1.2742252900142526,2
1.0,0.0,1.0,0.0,1.0,0.0,0.0,0.0,1.0,0.0,-0.9847586573445898,0.5073974240639842,0.08263289494333396,-1.1765385906044967,-1.3029498946601505,1.3961879299006554,1.397439472812419,0.1803697899106933,1
0.0,1.0,0.0,1.0,1.0,0.0,0.0,1.0,0.0,0.0,-0.783548112035817,0.9848537179561507,-1.397182558912936,1.2694875852884278,-0.6844260075979431,0.07902950546607491,-0.68847976921806,0.1803697899106933,3
0.0,1.0,0.0,1.0,1.0,0.0,0.0,1.0,0.0,0.0,0.03413729549557817,-1.0892574942205724,0.49698122202308964,-1.1765385906044967,1.2391299601407746,-1.2381289189685056,-1.0888077045572429,-1.2742252900142526,1
0.0,1.0,1.0,0.0,0.0,1.0,0.0,0.0,1.0,0.0,-0.08145174117116376,-0.8736320711724972,0.31940336756033705,1.2694875852884278,-0.9490315929036504,-1.2381289189685056,-1.362716291894578,-1.2742252900142526,3
1.0,0.0,0.0,1.0,1.0,0.0,0.0,0.0,1.0,0.0,0.5521474227798652,1.005389472532158,-0.15413757767366948,1.2694875852884278,-0.3111788343707491,1.3961879299006554,-1.362716291894578,1.6349648698356394,1
0.0,1.0,1.0,0.0,1.0,0.0,0.0,1.0,0.0,0.0,0.06838589895239056,1.5033815210003316,-1.397182558912936,0.046474497341965605,0.2140332593846596,-1.2381289189685056,0.5546438194667708,0.1803697899106933,2
1.0,0.0,1.0,0.0,0.0,0.0,1.0,0.0,0.0,1.0,1.7208810157435868,1.6163281711683708,0.2602107494060862,0.046474497341965605,-0.4024910892495448,1.3961879299006554,1.6292082774824719,1.6349648698356394,1
1.0,0.0,0.0,1.0,1.0,0.0,0.0,0.0,0.0,1.0,-1.1089098448755346,-1.1097932487965796,-0.15413757767366948,0.046474497341965605,1.4010925728090036,-1.2381289189685056,1.1867405594760068,1.6349648698356394,4
0.0,1.0,0.0,1.0,1.0,0.0,0.0,0.0,1.0,0.0,-0.8820128469741527,-1.1200611260845832,0.023440276789083104,-1.1765385906044967,1.4270865723730402,0.07902950546607491,1.1446007768087243,-1.2742252900142526,4
1.0,0.0,1.0,0.0,1.0,0.0,0.0,0.0,1.0,0.0,0.31668827401427985,0.1993611054238769,-1.397182558912936,-1.1765385906044967,-0.22253263072929055,0.07902950546607491,-0.41457118188072434,-1.2742252900142526,4
1.0,0.0,1.0,0.0,0.0,0.0,1.0,0.0,1.0,0.0,-1.09606661857923,-1.1097932487965796,0.6745590764858419,1.2694875852884278,-0.79306759551943,-1.2381289189685056,-1.362716291894578,0.1803697899106933,1
1.0,0.0,0.0,1.0,0.0,0.0,1.0,0.0,0.0,1.0,1.2328384164840107,-0.9147035803245115,-1.456375177067187,0.046474497341965605,-1.2916191769014678,-1.2381289189685056,1.439579255479701,1.6349648698356394,4
1.0,0.0,1.0,0.0,1.0,0.0,0.0,0.0,0.0,1.0,1.6994756385830787,1.5701227233723547,-1.397182558912936,0.046474497341965605,-1.1469858972759301,1.3961879299006554,-1.362716291894578,0.1803697899106933,1
1.0,0.0,1.0,0.0,1.0,0.0,0.0,0.0,0.0,1.0,0.6548932331503019,-1.0327841691365527,-1.397182558912936,-1.1765385906044967,1.2357973960941033,0.07902950546607491,-1.2573668352263723,0.1803697899106933,2
0.0,1.0,1.0,0.0,1.0,0.0,0.0,0.0,0.0,1.0,-1.0703801659866206,1.6265960484563744,-1.2196047044501837,-1.1765385906044967,-1.2642921517187624,0.07902950546607491,1.3552996901451366,0.1803697899106933,4
1.0,0.0,1.0,0.0,1.0,0.0,0.0,0.0,1.0,0.0,-0.8563263943815435,-0.9095696416805097,-1.456375177067187,0.046474497341965605,0.043405980195085195,0.07902950546607491,-1.1941571612254487,0.1803697899106933,2
1.0,0.0,1.0,0.0,1.0,0.0,0.0,0.0,1.0,0.0,-0.869169620677848,-0.6939442186324346,-0.9236416136789298,1.2694875852884278,1.0758343218538773,1.3961879299006554,-0.07745292054246532,-1.2742252900142526,0
0.0,1.0,1.0,0.0,1.0,0.0,0.0,0.0,1.0,0.0,0.5221798947551541,-0.29349700440029497,1.4440631124911023,1.2694875852884278,-0.659765033652575,-1.2381289189685056,0.8917620808050297,0.1803697899106933,0
0.0,1.0,1.0,0.0,1.0,0.0,0.0,1.0,0.0,0.0,0.20538031277963975,-1.1046593101525777,0.8521369309485944,0.046474497341965605,0.5146305363944177,0.07902950546607491,1.544928712147907,0.1803697899106933,4
1.0,0.0,0.0,1.0,1.0,0.0,0.0,1.0,0.0,0.0,1.0744386254962535,-0.7196139118524435,-1.456375177067187,1.2694875852884278,-0.9097073371529282,-1.2381289189685056,-1.362716291894578,0.1803697899106933,4
1.0,0.0,0.0,1.0,1.0,0.0,0.0,1.0,0.0,0.0,-1.0746612414187222,-1.0892574942205724,-1.456375177067187,0.046474497341965605,1.0978292445619084,-1.2381289189685056,0.027896536125740775,0.1803697899106933,2
1.0,0.0,1.0,0.0,0.0,1.0,0.0,1.0,0.0,0.0,-0.16279217438109309,0.9745858406681471,1.088907403565598,1.2694875852884278,-0.366499397545494,1.3961879299006554,0.4914341454658471,-1.2742252900142526,2
0.0,1.0,0.0,1.0,1.0,0.0,0.0,0.0,0.0,1.0,1.0615953991999487,-1.0892574942205724,-1.397182558912936,-1.1765385906044967,-0.35583519259614554,0.07902950546607491,0.09110621012666444,1.6349648698356394,1
0.0,1.0,1.0,0.0,1.0,0.0,0.0,1.0,0.0,0.0,1.6352595071015559,-0.9455072121885223,0.7337516946400927,-1.1765385906044967,1.3870958038129837,0.07902950546607491,0.5967836021340532,0.1803697899106933,4
1.0,0.0,0.0,1.0,0.0,0.0,1.0,0.0,0.0,1.0,-0.7921102629000202,-0.8479623779524883,0.5561738401773402,-1.1765385906044967,-1.163648717509287,1.3961879299006554,0.7021330588022593,0.1803697899106933,4
1.0,0.0,0.0,1.0,1.0,0.0,0.0,0.0,0.0,1.0,1.712318864879384,0.9181125155841274,1.3848704943368515,1.2694875852884278,1.368433445151624,1.3961879299006554,-1.362716291894578,0.1803697899106933,4
1.0,0.0,0.0,1.0,1.0,0.0,0.0,0.0,0.0,1.0,-1.04041263796191,-0.8376945006644847,-0.03575234136516776,0.046474497341965605,-0.3471705260748,0.07902950546607491,1.2499502334769306,0.1803697899106933,1
1.0,0.0,1.0,0.0,0.0,0.0,1.0,1.0,0.0,0.0,-1.0275694116656053,1.3442294230362761,0.9113295491028454,0.046474497341965605,-1.0876662572451796,-1.2381289189685056,-1.362716291894578,-1.2742252900142526,4
1.0,0.0,1.0,0.0,1.0,0.0,0.0,0.0,1.0,0.0,0.20966138821174118,-0.7042120959204381,0.9113295491028454,-1.1765385906044967,-0.4144883198175618,0.07902950546607491,0.5967836021340532,1.6349648698356394,0
1.0,0.0,0.0,1.0,1.0,0.0,0.0,0.0,0.0,1.0,1.1985898130271984,-1.1200611260845832,-1.397182558912936,1.2694875852884278,0.5939455607051964,0.07902950546607491,0.6810631674686181,0.1803697899106933,3
1.0,0.0,1.0,0.0,1.0,0.0,0.0,1.0,0.0,0.0,-0.9719154310482851,0.9694519020241453,0.9113295491028454,0.046474497341965605,-1.3802653805429264,0.07902950546607491,-1.362716291894578,0.1803697899106933,4
1.0,0.0,1.0,0.0,1.0,0.0,0.0,0.0,1.0,0.0,0.6249257051255913,0.9027106996521221,-1.397182558912936,1.2694875852884278,-0.373831038448171,0.07902950546607491,0.7232029501359005,0.1803697899106933,3
1.0,0.0,1.0,0.0,1.0,0.0,0.0,0.0,0.0,1.0,-1.121753071171839,0.9643179633801436,0.6745590764858419,-1.1765385906044967,0.949196888080365,-1.2381289189685056,-1.1941571612254487,0.1803697899106933,2
0.0,1.0,1.0,0.0,1.0,0.0,0.0,0.0,0.0,1.0,0.6506121577182005,0.9951215952441543,0.615366458331591,1.2694875852884278,0.9618606314577163,1.3961879299006554,1.1867405594760068,0.1803697899106933,2
1.0,0.0,1.0,0.0,1.0,0.0,0.0,0.0,1.0,0.0,1.3955192829038694,-0.7966229915124704,0.7337516946400927,-1.1765385906044967,-1.1336556410892447,1.3961879299006554,1.7345577341506775,0.1803697899106933,3
0.0,1.0,1.0,0.0,1.0,0.0,0.0,1.0,0.0,0.0,1.2328384164840107,0.9437822088041364,0.49698122202308964,0.046474497341965605,-0.5777839581044591,1.3961879299006554,-0.33029161654615946,0.1803697899106933,4
1.0,0.0,0.0,1.0,1.0,0.0,0.0,0.0,0.0,1.0,1.3741139057433618,-0.8017569301564721,0.20101813125183535,0.046474497341965605,1.2971165745528566,0.07902950546607491,-0.11959270320974776,0.1803697899106933,2
1.0,0.0,0.0,1.0,1.0,0.0,0.0,0.0,1.0,0.0,0.6805796857429114,-0.9609090281205276,0.5561738401773402,1.2694875852884278,0.47064069097835554,0.07902950546607491,0.5967836021340532,1.6349648698356394,0
1.0,0.0,1.0,0.0,1.0,0.0,0.0,1.0,0.0,0.0,-1.0318504870977068,1.0259252271081651,0.3785959857145879,0.046474497341965605,-0.7344144682980138,0.07902950546607491,-0.07745292054246532,1.6349648698356394,4
0.0,1.0,0.0,1.0,0.0,0.0,1.0,0.0,1.0,0.0,-1.0446937133940115,-0.6426048321924167,0.14182551309758482,-1.1765385906044967,-0.5811165221511305,1.3961879299006554,-0.8781087912208306,-1.2742252900142526,2
1.0,0.0,0.0,1.0,1.0,0.0,0.0,1.0,0.0,0.0,0.8261362504343639,1.5085154596443333,0.8521369309485944,0.046474497341965605,1.315112420404882,0.07902950546607491,0.23859544946215294,0.1803697899106933,1
0.0,1.0,1.0,0.0,0.0,1.0,0.0,0.0,0.0,1.0,-1.048974788826113,0.9899876566001525,0.14182551309758482,-1.1765385906044967,1.4750754946451081,1.3961879299006554,1.692417951483395,0.1803697899106933,2
0.0,1.0,0.0,1.0,1.0,0.0,0.0,0.0,0.0,1.0,-0.9376668275914728,0.2815041237279055,-1.397182558912936,1.2694875852884278,0.5672850483318254,-1.2381289189685056,0.09110621012666444,0.1803697899106933,3
0.0,1.0,1.0,0.0,1.0,0.0,0.0,1.0,0.0,0.0,-1.1345962974681438,-1.094391432864574,0.20101813125183535,-1.1765385906044967,1.1231567313166109,1.3961879299006554,-1.130947487224525,-1.2742252900142526,4
0.0,1.0,1.0,0.0,1.0,0.0,0.0,0.0,0.0,1.0,-1.0875044677150267,1.3904348708322922,0.3785959857145879,0.046474497341965605,0.10672469708184132,1.3961879299006554,-0.20387226854431215,0.1803697899106933,0
1.0,0.0,1.0,0.0,1.0,0.0,0.0,0.0,1.0,0.0,1.6309784316694542,-0.7658193596484596,0.9113295491028454,0.046474497341965605,1.4537470847464111,0.07902950546607491,0.1753857754612293,1.6349648698356394,0
1.0,0.0,1.0,0.0,1.0,0.0,0.0,0.0,0.0,1.0,-1.0275694116656053,-0.3499703294843146,1.2664852580283499,1.2694875852884278,-1.3302769198428557,1.3961879299006554,-1.3837861832282194,0.1803697899106933,1
1.0,0.0,0.0,1.0,1.0,0.0,0.0,0.0,0.0,1.0,-1.0532558642582144,0.733290724400063,0.8521369309485944,0.046474497341965605,-0.34250493640946006,-1.2381289189685056,-1.362716291894578,-1.2742252900142526,4
0.0,1.0,0.0,1.0,1.0,0.0,0.0,0.0,0.0,1.0,0.39802870722420935,-0.9660429667645294,-1.456375177067187,1.2694875852884278,-0.8810472863515543,0.07902950546607491,0.2596653407957942,0.1803697899106933,4
0.0,1.0,0.0,1.0,1.0,0.0,0.0,0.0,0.0,1.0,1.3569896040149556,-0.7966229915124704,1.148100021719848,-1.1765385906044967,-1.3642690731189038,-1.2381289189685056,0.575713710800412,0.1803697899106933,4
1.0,0.0,0.0,1.0,1.0,0.0,0.0,1.0,0.0,0.0,0.3295315003105846,-0.7709532982924614,0.615366458331591,-1.1765385906044967,1.392427906287658,-1.2381289189685056,-0.6674098778844187,-1.2742252900142526,2
1.0,0.0,0.0,1.0,1.0,0.0,0.0,1.0,0.0,0.0,1.335584226854448,0.5176653013519878,0.14182551309758482,0.046474497341965605,-1.3582704578348952,1.3961879299006554,-0.37243139921344187,0.1803697899106933,1
1.0,0.0,1.0,0.0,1.0,0.0,0.0,0.0,0.0,1.0,-1.1174719957397377,0.9489161474481382,1.2664852580283499,0.046474497341965605,-0.38049616654151375,1.3961879299006554,-1.3416464005609372,0.1803697899106933,4
0.0,1.0,0.0,1.0,1.0,0.0,0.0,1.0,0.0,0.0,-0.41537562487508417,0.9335143315161328,0.9113295491028454,0.046474497341965605,0.8258920183535241,0.07902950546607491,0.7021330588022593,0.1803697899106933,1
1.0,0.0,0.0,1.0,1.0,0.0,0.0,1.0,0.0,0.0,-1.019007260801402,-0.44238122507634686,0.2602107494060862,1.2694875852884278,-0.3871612946348565,0.07902950546607491,-0.07745292054246532,0.1803697899106933,3
1.0,0.0,0.0,1.0,1.0,0.0,0.0,1.0,0.0,0.0,0.7790444206812467,-1.0892574942205724,0.3785959857145879,1.2694875852884278,0.8418883257775467,-1.2381289189685056,1.0181814288068771,-1.2742252900142526,4
1.0,0.0,1.0,0.0,1.0,0.0,0.0,1.0,0.0,0.0,0.6206446296934895,1.6214621098123727,-0.33171543213642174,0.046474497341965605,-1.224301383158706,-1.2381289189685056,1.6292082774824719,0.1803697899106933,4
1.0,0.0,1.0,0.0,0.0,1.0,0.0,0.0,0.0,1.0,-1.057536939690316,-1.0841235555765707,1.4440631124911023,0.046474497341965605,1.0271788867724752,0.07902950546607491,1.6292082774824719,1.6349648698356394,3
0.0,1.0,0.0,1.0,1.0,0.0,0.0,1.0,0.0,0.0,1.6352595071015559,0.30717381694791446,-1.397182558912936,1.2694875852884278,-1.098330462194528,0.07902950546607491,0.4914341454658471,0.1803697899106933,4
0.0,1.0,0.0,1.0,1.0,0.0,0.0,0.0,0.0,1.0,-0.3811270214182718,0.6511477060960345,0.49698122202308964,1.2694875852884278,-1.1429868204199245,-1.2381289189685056,-1.362716291894578,0.1803697899106933,2
0.0,1.0,1.0,0.0,0.0,1.0,0.0,1.0,0.0,0.0,1.2756491708050262,0.9078446382961239,0.20101813125183535,1.2694875852884278,-0.20453678487726512,1.3961879299006554,-0.41457118188072434,0.1803697899106933,1
0.0,1.0,0.0,1.0,1.0,0.0,0.0,0.0,0.0,1.0,-1.1303152220360424,-1.027650230492551,0.7337516946400927,-1.1765385906044967,-0.4191539094829017,-1.2381289189685056,-0.9202485738881131,0.1803697899106933,4
1.0,0.0,0.0,1.0,1.0,0.0,0.0,1.0,0.0,0.0,-0.012954534257538971,0.46632591491196995,0.7337516946400927,1.2694875852884278,-0.18187534935989977,1.3961879299006554,-0.8148991172199073,-1.2742252900142526,3
1.0,0.0,0.0,1.0,1.0,0.0,0.0,0.0,1.0,0.0,1.0016603431505273,-0.2524254952482806,0.5561738401773402,0.046474497341965605,0.8092291981201672,-1.2381289189685056,-1.1098775958908838,0.1803697899106933,4
0.0,1.0,0.0,1.0,1.0,0.0,0.0,0.0,0.0,1.0,-1.121753071171839,-1.0789896169325688,-1.3379899407586855,-1.1765385906044967,-0.4031576020588791,-1.2381289189685056,-1.362716291894578,0.1803697899106933,4
1.0,0.0,1.0,0.0,1.0,0.0,0.0,0.0,1.0,0.0,0.6078014033971851,1.5701227233723547,-0.8644489955246789,0.046474497341965605,0.503299818635735,0.07902950546607491,1.1656706681423656,0.1803697899106933,3
0.0,1.0,0.0,1.0,1.0,0.0,0.0,0.0,1.0,0.0,0.6934229120392161,-0.9917126599845384,0.7929443127943436,0.046474497341965605,-0.9163724652462709,0.07902950546607491,0.1543158841275881,0.1803697899106933,0
0.0,1.0,1.0,0.0,1.0,0.0,0.0,1.0,0.0,0.0,1.7080377894472825,0.7127549698240558,-0.6276785229076757,0.046474497341965605,1.3017821642181966,-1.2381289189685056,0.9549717548059534,0.1803697899106933,2
1.0,0.0,0.0,1.0,0.0,0.0,1.0,0.0,1.0,0.0,-0.8648885452457465,-0.9095696416805097,1.2664852580283499,-1.1765385906044967,0.6019437144172077,-1.2381289189685056,-0.11959270320974776,0.1803697899106933,2
1.0,0.0,1.0,0.0,1.0,0.0,0.0,0.0,0.0,1.0,-0.8392020926531373,1.3750330549002867,0.8521369309485944,-1.1765385906044967,-1.1989738964040035,1.3961879299006554,1.2710201248105717,0.1803697899106933,4
1.0,0.0,0.0,1.0,1.0,0.0,0.0,0.0,0.0,1.0,0.6420500068539976,0.9848537179561507,-1.0420268499874314,0.046474497341965605,-1.0483420014944573,1.3961879299006554,-1.3837861832282194,0.1803697899106933,4
1.0,0.0,1.0,0.0,0.0,1.0,0.0,0.0,0.0,1.0,0.6848607611750128,0.9899876566001525,1.5624483487996041,1.2694875852884278,1.1558158589739902,-1.2381289189685056,-1.362716291894578,-1.2742252900142526,2
1.0,0.0,0.0,1.0,1.0,0.0,0.0,0.0,0.0,1.0,-0.9291046767272697,1.0207912884641632,0.5561738401773402,-1.1765385906044967,1.3531036505369356,0.07902950546607491,0.7442728414695418,0.1803697899106933,2
0.0,1.0,1.0,0.0,1.0,0.0,0.0,1.0,0.0,0.0,-0.8049534891963249,-1.1046593101525777,-1.456375177067187,-1.1765385906044967,-0.6171082138551814,1.3961879299006554,0.3018051234630766,0.1803697899106933,2
0.0,1.0,1.0,0.0,1.0,0.0,0.0,1.0,0.0,0.0,1.0744386254962535,1.4315063799843064,1.029714785411347,0.046474497341965605,0.7345797634747284,-1.2381289189685056,-1.362716291894578,1.6349648698356394,4
0.0,1.0,0.0,1.0,1.0,0.0,0.0,0.0,0.0,1.0,-0.7236130559863956,1.2928900365962581,-0.5684859047534249,-1.1765385906044967,-0.4564786268056211,-1.2381289189685056,-1.362716291894578,-1.2742252900142526,4
1.0,0.0,0.0,1.0,1.0,0.0,0.0,0.0,1.0,0.0,0.5821149508045756,0.9181125155841274,1.5624483487996041,1.2694875852884278,-1.236298613726723,-1.2381289189685056,1.2710201248105717,1.6349648698356394,3
1.0,0.0,1.0,0.0,1.0,0.0,0.0,0.0,0.0,1.0,-1.057536939690316,0.9335143315161328,-0.5684859047534249,-1.1765385906044967,1.4077577009023463,1.3961879299006554,-1.3837861832282194,0.1803697899106933,4
0.0,1.0,0.0,1.0,1.0,0.0,0.0,1.0,0.0,0.0,-0.37256487055406873,0.9694519020241453,-1.456375177067187,1.2694875852884278,-0.3978254995842049,0.07902950546607491,0.8496222981377478,-1.2742252900142526,3
0.0,1.0,0.0,1.0,1.0,0.0,0.0,0.0,0.0,1.0,1.6695081105583682,1.0259252271081651,0.7929443127943436,-1.1765385906044967,1.2024717556273896,-1.2381289189685056,1.1656706681423656,-1.2742252900142526,2
0.0,1.0,0.0,1.0,1.0,0.0,0.0,1.0,0.0,0.0,1.7722539209288057,1.2672203433762492,-1.397182558912936,0.046474497341965605,-1.1963078451666664,1.3961879299006554,0.21752555812851174,0.1803697899106933,3
0.0,1.0,1.0,0.0,1.0,0.0,0.0,0.0,0.0,1.0,-0.9505100538877773,-1.1200611260845832,-1.456375177067187,0.046474497341965605,-0.40782319172421905,0.07902950546607491,0.11217610146030564,0.1803697899106933,4
1.0,0.0,1.0,0.0,1.0,0.0,0.0,0.0,1.0,0.0,0.4922123667304432,-0.8633641938844936,0.8521369309485944,-1.1765385906044967,-1.1863101530266522,0.07902950546607491,1.5027889294806247,-1.2742252900142526,2
0.0,1.0,1.0,0.0,1.0,0.0,0.0,0.0,1.0,0.0,-1.0147261853693006,1.688203312184396,0.8521369309485944,1.2694875852884278,1.365767393914287,0.07902950546607491,0.44929436279856466,0.1803697899106933,0
1.0,0.0,1.0,0.0,1.0,0.0,0.0,0.0,1.0,0.0,-0.2484136830231239,0.5330671172839933,0.8521369309485944,1.2694875852884278,-0.43914929376292994,0.07902950546607491,1.5870684948151894,-1.2742252900142526,2
1.0,0.0,1.0,0.0,0.0,1.0,0.0,0.0,1.0,0.0,0.11975880413760877,-1.0071144759165438,0.615366458331591,0.046474497341965605,-1.3616030218815667,0.07902950546607491,0.1753857754612293,-1.2742252900142526,3
1.0,0.0,0.0,1.0,1.0,0.0,0.0,0.0,1.0,0.0,1.3655517548791585,-1.027650230492551,-0.8644489955246789,1.2694875852884278,1.4690768793610995,0.07902950546607491,1.1867405594760068,1.6349648698356394,0
1.0,0.0,0.0,1.0,1.0,0.0,0.0,0.0,0.0,1.0,0.15828848302652299,0.3482453260999288,0.2602107494060862,-1.1765385906044967,-0.3158444240360891,0.07902950546607491,0.09110621012666444,-1.2742252900142526,3
1.0,0.0,1.0,0.0,1.0,0.0,0.0,0.0,0.0,1.0,-0.18847862697370238,-1.094391432864574,-1.2196047044501837,0.046474497341965605,1.457746161602417,0.07902950546607491,1.8188372994852424,1.6349648698356394,4
1.0,0.0,0.0,1.0,1.0,0.0,0.0,0.0,0.0,1.0,0.5821149508045756,1.2569524660882456,0.20101813125183535,0.046474497341965605,0.9965192975430985,1.3961879299006554,1.2920900161442128,0.1803697899106933,2
1.0,0.0,1.0,0.0,0.0,0.0,1.0,0.0,0.0,1.0,-1.0660990905545191,1.4212385026963028,0.4377886038688388,0.046474497341965605,-1.0243475403584235,0.07902950546607491,-0.18280237721067094,-1.2742252900142526,2
1.0,0.0,0.0,1.0,1.0,0.0,0.0,0.0,1.0,0.0,-1.1131909203076362,-0.6939442186324346,0.7929443127943436,0.046474497341965605,0.8025640700268245,0.07902950546607491,0.8496222981377478,-1.2742252900142526,4
0.0,1.0,1.0,0.0,1.0,0.0,0.0,0.0,0.0,1.0,-0.8006724137642233,1.6009263552363655,-1.160412086295933,1.2694875852884278,1.5010694942091447,1.3961879299006554,0.04896642745938199,0.1803697899106933,2
0.0,1.0,1.0,0.0,1.0,0.0,0.0,1.0,0.0,0.0,-1.0532558642582144,1.0207912884641632,0.49698122202308964,0.046474497341965605,-0.6371035981352097,0.07902950546607491,-1.320576509227296,0.1803697899106933,2
0.0,1.0,0.0,1.0,1.0,0.0,0.0,1.0,0.0,0.0,1.249962718212417,0.95405008609214,0.023440276789083104,1.2694875852884278,-0.7090869815433114,1.3961879299006554,-0.07745292054246532,1.6349648698356394,3
0.0,1.0,0.0,1.0,1.0,0.0,0.0,0.0,0.0,1.0,1.095844002656761,-1.0379181077805544,0.08263289494333396,-1.1765385906044967,-1.1923087683106608,1.3961879299006554,0.870692189471389,-1.2742252900142526,4
1.0,0.0,0.0,1.0,1.0,0.0,0.0,0.0,0.0,1.0,1.3783949811754632,-1.1200611260845832,-1.456375177067187,1.2694875852884278,-0.7784043137140759,0.07902950546607491,0.19645566679487053,0.1803697899106933,4
0.0,1.0,0.0,1.0,1.0,0.0,0.0,1.0,0.0,0.0,-1.09606661857923,-0.7247478504964453,0.8521369309485944,-1.1765385906044967,1.423754008326369,0.07902950546607491,0.9760416461395947,-1.2742252900142526,1
1.0,0.0,1.0,0.0,1.0,0.0,0.0,0.0,1.0,0.0,-0.8220777909247311,0.045342946103823195,0.615366458331591,-1.1765385906044967,1.385096265384981,0.07902950546607491,0.8074825154704653,-1.2742252900142526,4
0.0,1.0,0.0,1.0,1.0,0.0,0.0,1.0,0.0,0.0,1.0273467957431364,0.019673252883814243,0.5561738401773402,1.2694875852884278,-0.938367387954302,1.3961879299006554,-0.8781087912208306,0.1803697899106933,2
1.0,0.0,1.0,0.0,1.0,0.0,0.0,1.0,0.0,0.0,-1.048974788826113,1.5033815210003316,-0.09494495951941861,-1.1765385906044967,1.4730759562171052,0.07902950546607491,1.5659986034815483,-1.2742252900142526,4
1.0,0.0,0.0,1.0,1.0,0.0,0.0,0.0,0.0,1.0,0.646331082286099,0.0402090074598214,-1.397182558912936,-1.1765385906044967,-0.37249801282950246,1.3961879299006554,0.5967836021340532,0.1803697899106933,4
1.0,0.0,0.0,1.0,1.0,0.0,0.0,0.0,0.0,1.0,-1.0446937133940115,0.8975767610081203,-1.456375177067187,1.2694875852884278,1.4490814950810713,0.07902950546607491,-0.09852281187610654,-1.2742252900142526,2
1.0,0.0,0.0,1.0,1.0,0.0,0.0,0.0,1.0,0.0,1.1086872289530658,-0.23188974067227347,0.9705221672570962,1.2694875852884278,-1.2616261004814253,-1.2381289189685056,0.13324599279394686,1.6349648698356394,1
1.0,0.0,0.0,1.0,1.0,0.0,0.0,0.0,0.0,1.0,1.117249379817269,1.2620864047322473,0.2602107494060862,1.2694875852884278,-1.2322995368707172,1.3961879299006554,1.439579255479701,0.1803697899106933,4
0.0,1.0,0.0,1.0,1.0,0.0,0.0,0.0,1.0,0.0,-0.6722401508011769,-1.099525371508576,-1.456375177067187,0.046474497341965605,-1.1376547179452503,0.07902950546607491,1.1867405594760068,-1.2742252900142526,2
0.0,1.0,1.0,0.0,1.0,0.0,0.0,0.0,1.0,0.0,0.6377689314218957,-0.7196139118524435,0.7337516946400927,-1.1765385906044967,-0.38316221777885084,-1.2381289189685056,-0.6252700952171363,0.1803697899106933,4
1.0,0.0,0.0,1.0,1.0,0.0,0.0,0.0,0.0,1.0,0.6292067805576929,-1.0687217396445652,0.7929443127943436,-1.1765385906044967,-0.3538356541681427,0.07902950546607491,1.4606491468133422,-1.2742252900142526,1
1.0,0.0,1.0,0.0,1.0,0.0,0.0,1.0,0.0,0.0,-0.9034182241346604,-0.016264317624198287,0.2602107494060862,-1.1765385906044967,1.3710994963889611,1.3961879299006554,1.1446007768087243,0.1803697899106933,2
0.0,1.0,0.0,1.0,1.0,0.0,0.0,1.0,0.0,0.0,0.9203199099405978,-1.0019805372725419,0.14182551309758482,-1.1765385906044967,-1.231633024061383,0.07902950546607491,1.7345577341506775,0.1803697899106933,0
0.0,1.0,0.0,1.0,1.0,0.0,0.0,1.0,0.0,0.0,0.48365021586624035,0.9745858406681471,-1.397182558912936,-1.1765385906044967,-1.2522949211507455,0.07902950546607491,-1.1730872698918076,-1.2742252900142526,0
1.0,0.0,0.0,1.0,0.0,0.0,1.0,1.0,0.0,0.0,-0.6080240193196538,-0.3705060840603218,0.7929443127943436,-1.1765385906044967,-1.1196588720932248,-1.2381289189685056,0.8917620808050297,-1.2742252900142526,4
1.0,0.0,0.0,1.0,1.0,0.0,0.0,0.0,1.0,0.0,-0.9205425258630666,-1.0379181077805544,0.8521369309485944,0.046474497341965605,-1.2789554335241164,0.07902950546607491,0.4914341454658471,0.1803697899106933,1
0.0,1.0,0.0,1.0,1.0,0.0,0.0,1.0,0.0,0.0,0.09407235154499966,0.9232464542281292,-1.397182558912936,1.2694875852884278,1.4370842645130544,0.07902950546607491,-0.7306195518853423,1.6349648698356394,3
1.0,0.0,1.0,0.0,1.0,0.0,0.0,0.0,1.0,0.0,0.7105472137676223,1.4161045640523011,0.8521369309485944,0.046474497341965605,-0.22786473320396475,0.07902950546607491,-0.28815183387887705,0.1803697899106933,3
0.0,1.0,1.0,0.0,1.0,0.0,0.0,1.0,0.0,0.0,0.5992392525329818,-0.976310844052533,-1.456375177067187,0.046474497341965605,-0.8737156454488773,1.3961879299006554,-0.01424324654154166,0.1803697899106933,4
1.0,0.0,1.0,0.0,1.0,0.0,0.0,0.0,1.0,0.0,0.5821149508045756,-1.0430520464245563,0.6745590764858419,-1.1765385906044967,-1.228966972824046,0.07902950546607491,-1.2995066178936547,-1.2742252900142526,1
1.0,0.0,1.0,0.0,0.0,0.0,1.0,1.0,0.0,0.0,1.4597354143853927,-0.7401496664284507,0.8521369309485944,0.046474497341965605,-1.386930508636269,-1.2381289189685056,1.1446007768087243,-1.2742252900142526,1
0.0,1.0,1.0,0.0,0.0,1.0,0.0,0.0,1.0,0.0,0.6720175348787081,-0.8684981325284954,0.49698122202308964,1.2694875852884278,-1.3049494330881533,-1.2381289189685056,-0.30922172521251823,0.1803697899106933,3
1.0,0.0,1.0,0.0,1.0,0.0,0.0,0.0,1.0,0.0,1.0059414185826288,-0.755551482360456,0.49698122202308964,-1.1765385906044967,-1.057006668015803,-1.2381289189685056,-1.0466679218899604,0.1803697899106933,0
1.0,0.0,0.0,1.0,1.0,0.0,0.0,0.0,0.0,1.0,-0.8734506961099496,-1.0584538623565616,-1.456375177067187,-1.1765385906044967,-1.3069489715161562,-1.2381289189685056,-0.01424324654154166,0.1803697899106933,4
1.0,0.0,0.0,1.0,1.0,0.0,0.0,1.0,0.0,0.0,-0.9804775819124881,0.9386482701601346,-1.456375177067187,1.2694875852884278,-0.3971589867748706,-1.2381289189685056,0.1543158841275881,0.1803697899106933,3
0.0,1.0,1.0,0.0,1.0,0.0,0.0,0.0,1.0,0.0,-1.104628769443433,-1.1149271874405813,0.3785959857145879,1.2694875852884278,1.051173347908509,1.3961879299006554,1.5238588208142658,-1.2742252900142526,4
0.0,1.0,1.0,0.0,1.0,0.0,0.0,0.0,1.0,0.0,0.2267856899401474,-0.9557750894765259,-1.3379899407586855,0.046474497341965605,0.2193653618593338,1.3961879299006554,-0.09852281187610654,-1.2742252900142526,4
1.0,0.0,0.0,1.0,1.0,0.0,0.0,0.0,0.0,1.0,-0.9890397327766914,-1.0327841691365527,1.2072926398740988,1.2694875852884278,1.365767393914287,-1.2381289189685056,1.7134878428170368,0.1803697899106933,4
0.0,1.0,0.0,1.0,1.0,0.0,0.0,0.0,1.0,0.0,1.6652270351262668,-0.7658193596484596,0.5561738401773402,0.046474497341965605,1.2511271907087915,-1.2381289189685056,-0.3935012905470831,0.1803697899106933,0
1.0,0.0,1.0,0.0,0.0,1.0,0.0,0.0,1.0,0.0,1.1514979832740813,-1.1149271874405813,0.9113295491028454,0.046474497341965605,1.4684103665517654,0.07902950546607491,1.2499502334769306,1.6349648698356394,1
0.0,1.0,0.0,1.0,1.0,0.0,0.0,0.0,1.0,0.0,1.2756491708050262,-1.0071144759165438,-0.8052563773704282,-1.1765385906044967,-0.4091562173428876,-1.2381289189685056,-0.6463399865507775,0.1803697899106933,1
1.0,0.0,0.0,1.0,1.0,0.0,0.0,1.0,0.0,0.0,1.134373681545675,0.9181125155841274,0.9113295491028454,-1.1765385906044967,0.9032075042363,0.07902950546607491,0.2807352321294354,1.6349648698356394,3
0.0,1.0,1.0,0.0,1.0,0.0,0.0,1.0,0.0,0.0,1.4297678863606818,-0.9198375189685133,-1.160412086295933,0.046474497341965605,-1.1696473327932955,0.07902950546607491,1.692417951483395,-1.2742252900142526,2
1.0,0.0,0.0,1.0,1.0,0.0,0.0,0.0,0.0,1.0,-0.8606074698136449,1.3493633616802778,-1.397182558912936,1.2694875852884278,-1.2976177921854761,1.3961879299006554,0.8285524068041066,0.1803697899106933,4
1.0,0.0,1.0,0.0,1.0,0.0,0.0,1.0,0.0,0.0,-1.04041263796191,-1.0892574942205724,0.5561738401773402,-1.1765385906044967,1.429086110801043,-1.2381289189685056,-1.362716291894578,-1.2742252900142526,2
1.0,0.0,0.0,1.0,0.0,1.0,0.0,1.0,0.0,0.0,1.040190022039441,-0.8582302552404918,-1.456375177067187,1.2694875852884278,-0.42315298633890736,0.07902950546607491,-1.2362969438927311,1.6349648698356394,4
1.0,0.0,0.0,1.0,1.0,0.0,0.0,0.0,0.0,1.0,0.8389794767306686,1.7241408826924085,-0.39090805029067255,-1.1765385906044967,-0.7990662108034385,0.07902950546607491,1.207810450809648,1.6349648698356394,4
1.0,0.0,0.0,1.0,1.0,0.0,0.0,0.0,0.0,1.0,1.023065720311035,-0.7247478504964453,-1.397182558912936,-1.1765385906044967,-0.41048924296155614,-1.2381289189685056,0.09110621012666444,0.1803697899106933,4
1.0,0.0,0.0,1.0,1.0,0.0,0.0,1.0,0.0,0.0,-1.1003476940113315,-0.8736320711724972,0.615366458331591,1.2694875852884278,-0.4351502169069243,0.07902950546607491,0.7864126241368241,-1.2742252900142526,3
0.0,1.0,1.0,0.0,1.0,0.0,0.0,0.0,1.0,0.0,-0.09857604289956995,1.5393190915083441,1.621640966953855,-1.1765385906044967,0.5252947413437661,0.07902950546607491,-1.3416464005609372,1.6349648698356394,0
0.0,1.0,0.0,1.0,1.0,0.0,0.0,0.0,0.0,1.0,-1.1003476940113315,-0.7093460345644399,0.2602107494060862,0.046474497341965605,-1.1796450249333095,1.3961879299006554,-0.30922172521251823,-1.2742252900142526,4
1.0,0.0,1.0,0.0,1.0,0.0,0.0,0.0,1.0,0.0,-1.0703801659866206,-1.1097932487965796,0.9113295491028454,-1.1765385906044967,1.4764085202637767,0.07902950546607491,0.2596653407957942,-1.2742252900142526,4
0.0,1.0,0.0,1.0,1.0,0.0,0.0,1.0,0.0,0.0,-1.0446937133940115,-1.0841235555765707,0.49698122202308964,-1.1765385906044967,-1.2876201000454621,0.07902950546607491,0.7653427328031829,-1.2742252900142526,0
0.0,1.0,0.0,1.0,1.0,0.0,0.0,0.0,1.0,0.0,-1.0147261853693006,-1.1046593101525777,-1.456375177067187,1.2694875852884278,1.4804075971197823,0.07902950546607491,0.07003631879302322,1.6349648698356394,2
1.0,0.0,1.0,0.0,1.0,0.0,0.0,0.0,1.0,0.0,-1.048974788826113,0.9848537179561507,1.4440631124911023,-1.1765385906044967,-0.36449985911749117,-1.2381289189685056,1.0603212114741596,1.6349648698356394,3
0.0,1.0,0.0,1.0,1.0,0.0,0.0,0.0,0.0,1.0,1.3655517548791585,-1.1200611260845832,0.7337516946400927,1.2694875852884278,-0.35050309012147135,0.07902950546607491,-1.3837861832282194,1.6349648698356394,4
1.0,0.0,0.0,1.0,1.0,0.0,0.0,1.0,0.0,0.0,0.5821149508045756,-1.1200611260845832,-1.456375177067187,0.046474497341965605,1.469743392170434,0.07902950546607491,0.6178534934676944,0.1803697899106933,1
1.0,0.0,1.0,0.0,1.0,0.0,0.0,0.0,1.0,0.0,0.8646659293232777,1.0361931043961687,-1.456375177067187,0.046474497341965605,0.9991853487804356,1.3961879299006554,0.7021330588022593,0.1803697899106933,4
1.0,0.0,1.0,0.0,0.0,0.0,1.0,0.0,0.0,1.0,1.0273467957431364,-0.8582302552404918,1.7400262032623566,-1.1765385906044967,-1.3389415863642014,-1.2381289189685056,0.8917620808050297,0.1803697899106933,2
1.0,0.0,1.0,0.0,1.0,0.0,0.0,0.0,1.0,0.0,0.8175740995701609,0.9437822088041364,0.49698122202308964,-1.1765385906044967,0.9905206822590901,1.3961879299006554,-0.477780855881648,0.1803697899106933,4
0.0,1.0,0.0,1.0,1.0,0.0,0.0,0.0,0.0,1.0,-1.1174719957397377,-0.7966229915124704,0.5561738401773402,1.2694875852884278,-0.23719591253464462,0.07902950546607491,0.19645566679487053,1.6349648698356394,3
1.0,0.0,0.0,1.0,1.0,0.0,0.0,1.0,0.0,0.0,0.7447958172244343,-1.1149271874405813,1.7400262032623566,1.2694875852884278,1.3724325220076297,1.3961879299006554,-1.362716291894578,0.1803697899106933,3
1.0,0.0,1.0,0.0,1.0,0.0,0.0,1.0,0.0,0.0,-1.0789423168508239,-1.0173823532045474,1.6808335851081058,-1.1765385906044967,1.1944736019153783,1.3961879299006554,-1.3416464005609372,0.1803697899106933,1
0.0,1.0,0.0,1.0,1.0,0.0,0.0,1.0,0.0,0.0,1.4982650932743067,0.32257563287991986,1.029714785411347,0.046474497341965605,1.0085165281111155,-1.2381289189685056,0.1753857754612293,0.1803697899106933,2
1.0,0.0,0.0,1.0,0.0,0.0,1.0,0.0,0.0,1.0,1.0573143237678473,1.0413270430401704,1.3256778761826007,1.2694875852884278,0.11472285079385262,-1.2381289189685056,-1.362716291894578,-1.2742252900142526,3
1.0,0.0,1.0,0.0,0.0,1.0,0.0,1.0,0.0,0.0,-1.04041263796191,1.44177425727231,0.6745590764858419,0.046474497341965605,0.7779030960814564,0.07902950546607491,0.21752555812851174,-1.2742252900142526,1
1.0,0.0,0.0,1.0,1.0,0.0,0.0,0.0,1.0,0.0,-1.1174719957397377,1.2877560979522564,1.3256778761826007,1.2694875852884278,-0.1278878118038235,-1.2381289189685056,1.4185093641460598,0.1803697899106933,1
1.0,0.0,1.0,0.0,1.0,0.0,0.0,0.0,1.0,0.0,-0.18419755154160075,-1.1097932487965796,-1.397182558912936,-1.1765385906044967,-0.4784735495136522,-1.2381289189685056,-0.7727593345526248,0.1803697899106933,0
0.0,1.0,0.0,1.0,1.0,0.0,0.0,0.0,0.0,1.0,-1.0875044677150267,-0.9506411508325241,-1.397182558912936,1.2694875852884278,-0.39582596115620206,0.07902950546607491,-0.5409905298825717,1.6349648698356394,1
0.0,1.0,0.0,1.0,0.0,0.0,1.0,1.0,0.0,0.0,-1.0789423168508239,0.9745858406681471,-0.39090805029067255,-1.1765385906044967,1.1184911416512708,1.3961879299006554,-1.3837861832282194,0.1803697899106933,0
0.0,1.0,0.0,1.0,1.0,0.0,0.0,1.0,0.0,0.0,-0.8820128469741527,-0.8941678257485044,1.5032557306453531,1.2694875852884278,1.385096265384981,0.07902950546607491,1.397439472812419,-1.2742252900142526,3
1.0,0.0,1.0,0.0,1.0,0.0,0.0,0.0,0.0,1.0,-1.0361315625298084,0.9437822088041364,0.2602107494060862,-1.1765385906044967,-0.3038471934680721,1.3961879299006554,-0.7727593345526248,0.1803697899106933,3
1.0,0.0,1.0,0.0,1.0,0.0,0.0,0.0,1.0,0.0,0.6249257051255913,-1.0584538623565616,0.7337516946400927,-1.1765385906044967,-0.34250493640946006,-1.2381289189685056,-0.8148991172199073,0.1803697899106933,4
1.0,0.0,1.0,0.0,1.0,0.0,0.0,0.0,1.0,0.0,1.0573143237678473,1.3750330549002867,0.7929443127943436,-1.1765385906044967,-0.8210611335114696,-1.2381289189685056,-1.362716291894578,-1.2742252900142526,3
0.0,1.0,0.0,1.0,1.0,0.0,0.0,1.0,0.0,0.0,-1.010445109937199,0.26096836915189836,0.615366458331591,0.046474497341965605,1.499069955781142,0.07902950546607491,1.5238588208142658,0.1803697899106933,3
1.0,0.0,0.0,1.0,0.0,0.0,1.0,1.0,0.0,0.0,1.0872818517925582,-0.8428284393084865,0.20101813125183535,1.2694875852884278,-0.21653401544528209,-1.2381289189685056,-1.3837861832282194,0.1803697899106933,3
0.0,1.0,0.0,1.0,1.0,0.0,0.0,0.0,0.0,1.0,-1.1260341466039407,-0.8838999484605008,0.49698122202308964,1.2694875852884278,0.5906129966585251,-1.2381289189685056,-0.07745292054246532,-1.2742252900142526,3
1.0,0.0,0.0,1.0,1.0,0.0,0.0,1.0,0.0,0.0,1.5025461687064081,0.6922192152480487,-1.397182558912936,0.046474497341965605,-1.2742898438587766,1.3961879299006554,0.575713710800412,0.1803697899106933,3
1.0,0.0,1.0,0.0,0.0,1.0,0.0,0.0,1.0,0.0,-1.0789423168508239,1.000255533888156,0.7337516946400927,1.2694875852884278,-1.381598406161595,0.07902950546607491,0.04896642745938199,-1.2742252900142526,4
0.0,1.0,1.0,0.0,1.0,0.0,0.0,1.0,0.0,0.0,0.5992392525329818,1.0413270430401704,0.7929443127943436,0.046474497341965605,-0.572451855629785,0.07902950546607491,0.1543158841275881,0.1803697899106933,4
0.0,1.0,1.0,0.0,1.0,0.0,0.0,1.0,0.0,0.0,-1.1003476940113315,-1.099525371508576,0.6745590764858419,0.046474497341965605,0.6905899180586663,0.07902950546607491,0.4914341454658471,0.1803697899106933,1
1.0,0.0,0.0,1.0,1.0,0.0,0.0,0.0,1.0,0.0,1.164341209570386,-0.9352393349005187,0.20101813125183535,0.046474497341965605,-0.9283696958142879,0.07902950546607491,-1.362716291894578,-1.2742252900142526,1
1.0,0.0,0.0,1.0,0.0,1.0,0.0,0.0,1.0,0.0,-0.9376668275914728,-0.6374708935484149,0.9113295491028454,0.046474497341965605,-1.0363447709264404,0.07902950546607491,-1.3837861832282194,0.1803697899106933,2
1.0,0.0,1.0,0.0,1.0,0.0,0.0,0.0,1.0,0.0,1.6909134877188758,-0.19595217016426095,0.31940336756033705,1.2694875852884278,1.4310856492290458,1.3961879299006554,-1.3837861832282194,0.1803697899106933,4
0.0,1.0,1.0,0.0,1.0,0.0,0.0,1.0,0.0,0.0,1.305616698829737,1.0310591657521668,0.5561738401773402,0.046474497341965605,1.1764777560633528,1.3961879299006554,1.2288803421432892,1.6349648698356394,4
0.0,1.0,0.0,1.0,1.0,0.0,0.0,0.0,0.0,1.0,-0.7878291874679186,1.3082918525282634,-1.456375177067187,-1.1765385906044967,0.9145382219949827,-1.2381289189685056,0.19645566679487053,0.1803697899106933,2
1.0,0.0,1.0,0.0,1.0,0.0,0.0,1.0,0.0,0.0,-0.8349210172210356,1.5085154596443333,0.08263289494333396,-1.1765385906044967,-1.1789785121239753,0.07902950546607491,-0.0563830292088241,0.1803697899106933,4
0.0,1.0,0.0,1.0,1.0,0.0,0.0,1.0,0.0,0.0,1.4040814337680723,0.0864144552558375,0.5561738401773402,0.046474497341965605,-0.42315298633890736,-1.2381289189685056,-1.320576509227296,0.1803697899106933,2
1.0,0.0,1.0,0.0,1.0,0.0,0.0,0.0,1.0,0.0,-0.7878291874679186,-0.9814447826965348,-1.1012194681416823,-1.1765385906044967,-0.4018245764402105,1.3961879299006554,-1.3837861832282194,1.6349648698356394,4
1.0,0.0,0.0,1.0,1.0,0.0,0.0,0.0,0.0,1.0,-0.8734506961099496,-0.9095696416805097,0.49698122202308964,0.046474497341965605,-1.3369420479361984,0.07902950546607491,-1.0888077045572429,-1.2742252900142526,4
1.0,0.0,0.0,1.0,1.0,0.0,0.0,1.0,0.0,0.0,-1.0703801659866206,-1.0584538623565616,0.49698122202308964,1.2694875852884278,-0.2378624253439789,0.07902950546607491,0.8074825154704653,-1.2742252900142526,3
1.0,0.0,1.0,0.0,1.0,0.0,0.0,1.0,0.0,0.0,-1.0703801659866206,-0.23188974067227347,1.2664852580283499,0.046474497341965605,0.2486919254700419,-1.2381289189685056,1.1446007768087243,0.1803697899106933,4
0.0,1.0,1.0,0.0,1.0,0.0,0.0,1.0,0.0,0.0,-1.0746612414187222,-0.8068908688004739,1.4440631124911023,1.2694875852884278,-1.3596034834535637,1.3961879299006554,-0.8570388998871894,0.1803697899106933,4
1.0,0.0,1.0,0.0,1.0,0.0,0.0,0.0,1.0,0.0,-0.9933208082087929,-0.781221175580465,0.5561738401773402,1.2694875852884278,1.1144920647952652,0.07902950546607491,0.7653427328031829,0.1803697899106933,4
1.0,0.0,1.0,0.0,1.0,0.0,0.0,0.0,0.0,1.0,-1.1345962974681438,0.8205676813480934,-0.9236416136789298,0.046474497341965605,0.04273946738575092,0.07902950546607491,0.9339018634723122,0.1803697899106933,3
1.0,0.0,0.0,1.0,1.0,0.0,0.0,0.0,0.0,1.0,1.7808160717930086,-1.0430520464245563,1.4440631124911023,0.046474497341965605,1.0465077582431692,0.07902950546607491,-1.2784367265600136,0.1803697899106933,2
1.0,0.0,0.0,1.0,1.0,0.0,0.0,0.0,1.0,0.0,-1.104628769443433,0.928380392872131,0.615366458331591,0.046474497341965605,-1.212304152590689,-1.2381289189685056,-1.1730872698918076,1.6349648698356394,3
1.0,0.0,1.0,0.0,1.0,0.0,0.0,1.0,0.0,0.0,0.6249257051255913,0.9848537179561507,-1.456375177067187,0.046474497341965605,1.3037817026461993,-1.2381289189685056,-0.5620604212162128,0.1803697899106933,4
1.0,0.0,1.0,0.0,0.0,1.0,0.0,0.0,0.0,1.0,-0.8006724137642233,-1.0892574942205724,1.088907403565598,0.046474497341965605,-0.38516175620685367,0.07902950546607491,-1.3837861832282194,0.1803697899106933,4
1.0,0.0,1.0,0.0,1.0,0.0,0.0,0.0,1.0,0.0,1.5239515458669157,1.5957924165923638,0.8521369309485944,-1.1765385906044967,-0.30717975751474347,0.07902950546607491,1.0603212114741596,0.1803697899106933,3
1.0,0.0,0.0,1.0,1.0,0.0,0.0,1.0,0.0,0.0,-0.8777317715420511,-0.9301053962565169,-0.2725228139821709,1.2694875852884278,1.4284195979917087,-1.2381289189685056,-1.362716291894578,0.1803697899106933,4
1.0,0.0,0.0,1.0,1.0,0.0,0.0,0.0,0.0,1.0,-1.121753071171839,-0.9711769054085312,0.8521369309485944,-1.1765385906044967,1.4090907265210149,0.07902950546607491,0.3228750147967178,-1.2742252900142526,1
0.0,1.0,0.0,1.0,1.0,0.0,0.0,0.0,0.0,1.0,0.6120824788292866,-0.658006648124422,-1.456375177067187,0.046474497341965605,-0.187207451834574,0.07902950546607491,0.21752555812851174,0.1803697899106933,3
0.0,1.0,0.0,1.0,1.0,0.0,0.0,0.0,0.0,1.0,1.138654756977777,-0.8838999484605008,0.31940336756033705,-1.1765385906044967,-1.311614561181496,-1.2381289189685056,-1.3837861832282194,1.6349648698356394,1
1.0,0.0,0.0,1.0,1.0,0.0,0.0,0.0,1.0,0.0,-0.9590722047519804,-1.1046593101525777,0.2602107494060862,-1.1765385906044967,1.4324186748477143,-1.2381289189685056,1.1656706681423656,0.1803697899106933,4
1.0,0.0,1.0,0.0,0.0,0.0,1.0,1.0,0.0,0.0,-1.0532558642582144,-0.9506411508325241,0.7929443127943436,-1.1765385906044967,-1.2256344087773745,0.07902950546607491,-1.3837861832282194,0.1803697899106933,4
0.0,1.0,1.0,0.0,0.0,1.0,0.0,1.0,0.0,0.0,0.6120824788292866,-0.8993017643925062,1.7400262032623566,-1.1765385906044967,-1.3849309702082662,0.07902950546607491,-1.362716291894578,1.6349648698356394,4
1.0,0.0,1.0,0.0,1.0,0.0,0.0,1.0,0.0,0.0,1.2927734725334323,-0.7914890528684686,0.7929443127943436,0.046474497341965605,-0.4244860119575759,0.07902950546607491,1.0603212114741596,0.1803697899106933,4
1.0,0.0,1.0,0.0,0.0,1.0,0.0,0.0,0.0,1.0,-1.0875044677150267,1.1953452023602242,0.3785959857145879,1.2694875852884278,-0.6064440089058329,-1.2381289189685056,-1.320576509227296,0.1803697899106933,4
1.0,0.0,1.0,0.0,1.0,0.0,0.0,0.0,1.0,0.0,-0.2698190601836317,-1.1097932487965796,-1.397182558912936,1.2694875852884278,-0.41782088386423316,0.07902950546607491,0.7653427328031829,-1.2742252900142526,3
1.0,0.0,1.0,0.0,0.0,0.0,1.0,0.0,1.0,0.0,1.1857465867308936,-0.3551042681283164,-1.397182558912936,0.046474497341965605,-0.7877354930447558,0.07902950546607491,-0.0563830292088241,0.1803697899106933,2
0.0,1.0,1.0,0.0,1.0,0.0,0.0,1.0,0.0,0.0,0.4023097826563108,0.9745858406681471,0.2602107494060862,-1.1765385906044967,1.4457489310343998,0.07902950546607491,-0.7306195518853423,0.1803697899106933,4
1.0,0.0,1.0,0.0,1.0,0.0,0.0,0.0,1.0,0.0,0.6720175348787081,1.2569524660882456,-0.2725228139821709,0.046474497341965605,-0.3771636024948424,1.3961879299006554,-0.09852281187610654,0.1803697899106933,3
0.0,1.0,1.0,0.0,1.0,0.0,0.0,0.0,0.0,1.0,-0.869169620677848,1.5752566620163566,-1.456375177067187,0.046474497341965605,0.8898772480496145,1.3961879299006554,0.4914341454658471,1.6349648698356394,2
1.0,0.0,0.0,1.0,1.0,0.0,0.0,1.0,0.0,0.0,0.7276715154960282,-1.1200611260845832,0.7929443127943436,-1.1765385906044967,0.11872192764985827,1.3961879299006554,1.397439472812419,1.6349648698356394,3
1.0,0.0,0.0,1.0,1.0,0.0,0.0,1.0,0.0,0.0,-0.727894131418497,1.0361931043961687,1.3848704943368515,1.2694875852884278,-0.8490546715035091,0.07902950546607491,-0.01424324654154166,-1.2742252900142526,3
0.0,1.0,0.0,1.0,1.0,0.0,0.0,1.0,0.0,0.0,1.5838866019163371,-1.0327841691365527,-1.397182558912936,1.2694875852884278,-0.21186842577994217,0.07902950546607491,-0.7516894432189836,-1.2742252900142526,3
1.0,0.0,1.0,0.0,1.0,0.0,0.0,0.0,1.0,0.0,-0.9676343556161835,1.251818527444244,0.49698122202308964,0.046474497341965605,0.18137413172728012,-1.2381289189685056,-1.2995066178936547,1.6349648698356394,3
1.0,0.0,0.0,1.0,1.0,0.0,0.0,0.0,0.0,1.0,0.6934229120392161,-1.027650230492551,-1.0420268499874314,-1.1765385906044967,-1.3755997908775863,-1.2381289189685056,1.207810450809648,0.1803697899106933,1
1.0,0.0,1.0,0.0,1.0,0.0,0.0,0.0,1.0,0.0,-1.0875044677150267,-0.6939442186324346,0.9113295491028454,1.2694875852884278,1.3471050352529272,1.3961879299006554,-1.2784367265600136,-1.2742252900142526,0
1.0,0.0,0.0,1.0,0.0,1.0,0.0,1.0,0.0,0.0,1.6609459596941654,0.9745858406681471,-0.5684859047534249,-1.1765385906044967,0.9352001190843452,0.07902950546607491,1.7556276254843193,0.1803697899106933,3
1.0,0.0,1.0,0.0,1.0,0.0,0.0,0.0,1.0,0.0,0.11119665327340586,-0.9095696416805097,1.4440631124911023,-1.1765385906044967,-1.2203023063027003,-1.2381289189685056,0.5335739281331295,-1.2742252900142526,2
0.0,1.0,0.0,1.0,1.0,0.0,0.0,0.0,1.0,0.0,1.2927734725334323,0.6152101355880218,-1.1012194681416823,0.046474497341965605,-0.8150625182274611,0.07902950546607491,1.8188372994852424,1.6349648698356394,0
0.0,1.0,1.0,0.0,1.0,0.0,0.0,1.0,0.0,0.0,-0.924823601295168,-1.0841235555765707,0.5561738401773402,0.046474497341965605,1.2991161129808595,-1.2381289189685056,-0.16173248587703018,1.6349648698356394,4
1.0,0.0,0.0,1.0,0.0,0.0,1.0,0.0,1.0,0.0,-0.17563540067739764,0.26096836915189836,0.9113295491028454,0.046474497341965605,0.9292015038003367,1.3961879299006554,-0.604200203883495,-1.2742252900142526,4
1.0,0.0,1.0,0.0,0.0,1.0,0.0,0.0,1.0,0.0,1.4212057354964784,0.9899876566001525,0.5561738401773402,1.2694875852884278,1.3904283678596552,-1.2381289189685056,-0.2670819425452358,0.1803697899106933,0
1.0,0.0,0.0,1.0,1.0,0.0,0.0,1.0,0.0,0.0,-1.0446937133940115,-0.8222926847324793,1.3848704943368515,0.046474497341965605,-1.1996404092133377,1.3961879299006554,-1.362716291894578,-1.2742252900142526,2
0.0,1.0,0.0,1.0,0.0,0.0,1.0,0.0,0.0,1.0,-0.9590722047519804,-0.3037648816882985,-1.3379899407586855,0.046474497341965605,0.4466462298423216,-1.2381289189685056,-1.3837861832282194,0.1803697899106933,3
0.0,1.0,0.0,1.0,1.0,0.0,0.0,0.0,1.0,0.0,-0.963353280184082,-0.976310844052533,0.8521369309485944,1.2694875852884278,0.7625733014667679,-1.2381289189685056,-1.362716291894578,1.6349648698356394,1
1.0,0.0,0.0,1.0,0.0,0.0,1.0,1.0,0.0,0.0,1.446892188089088,0.9899876566001525,-1.456375177067187,-1.1765385906044967,-0.34583750045613143,-1.2381289189685056,0.07003631879302322,0.1803697899106933,4
1.0,0.0,0.0,1.0,0.0,0.0,1.0,0.0,1.0,0.0,-0.1799164761094993,-0.8993017643925062,-1.397182558912936,1.2694875852884278,-0.03724206973436209,1.3961879299006554,0.0068266447920995585,-1.2742252900142526,3
0.0,1.0,0.0,1.0,1.0,0.0,0.0,0.0,0.0,1.0,0.6548932331503019,0.9591840247361418,-0.5684859047534249,-1.1765385906044967,0.8865446840029432,-1.2381289189685056,-1.362716291894578,0.1803697899106933,2
1.0,0.0,0.0,1.0,1.0,0.0,0.0,0.0,0.0,1.0,-1.0917855431471284,-0.755551482360456,1.4440631124911023,-1.1765385906044967,1.4997364685904762,-1.2381289189685056,0.8285524068041066,0.1803697899106933,1
0.0,1.0,1.0,0.0,1.0,0.0,0.0,0.0,1.0,0.0,0.39802870722420935,0.32257563287991986,1.2072926398740988,-1.1765385906044967,0.3286734625901549,1.3961879299006554,-1.3416464005609372,-1.2742252900142526,0
1.0,0.0,0.0,1.0,1.0,0.0,0.0,0.0,0.0,1.0,-1.09606661857923,1.64199786438838,-1.397182558912936,1.2694875852884278,-1.2742898438587766,0.07902950546607491,-0.11959270320974776,0.1803697899106933,2
0.0,1.0,0.0,1.0,1.0,0.0,0.0,1.0,0.0,0.0,-0.5566511141344352,1.0156573498201615,-1.456375177067187,1.2694875852884278,-0.8817137991608885,1.3961879299006554,-1.3837861832282194,-1.2742252900142526,4
0.0,1.0,1.0,0.0,1.0,0.0,0.0,1.0,0.0,0.0,1.5838866019163371,-0.8890338871045026,-0.9828342318331806,-1.1765385906044967,1.3177784716422192,-1.2381289189685056,1.3763695814787777,0.1803697899106933,4
0.0,1.0,1.0,0.0,0.0,1.0,0.0,0.0,1.0,0.0,-1.0446937133940115,-0.43724728643234506,0.49698122202308964,1.2694875852884278,0.7765700704627878,0.07902950546607491,0.1543158841275881,-1.2742252900142526,3
0.0,1.0,1.0,0.0,1.0,0.0,0.0,0.0,0.0,1.0,-0.21416507956631167,-0.9403732735445205,0.9113295491028454,-1.1765385906044967,-0.7417461092006908,-1.2381289189685056,-1.362716291894578,-1.2742252900142526,4
1.0,0.0,0.0,1.0,1.0,0.0,0.0,1.0,0.0,0.0,-1.1303152220360424,-1.094391432864574,0.3785959857145879,1.2694875852884278,-0.7277493402046711,0.07902950546607491,-0.01424324654154166,1.6349648698356394,3
0.0,1.0,1.0,0.0,1.0,0.0,0.0,0.0,0.0,1.0,-1.1131909203076362,-1.1097932487965796,-1.456375177067187,0.046474497341965605,-0.7570759038153791,0.07902950546607491,-0.28815183387887705,0.1803697899106933,2
1.0,0.0,1.0,0.0,1.0,0.0,0.0,1.0,0.0,0.0,-1.0446937133940115,-1.1046593101525777,0.9113295491028454,-1.1765385906044967,1.4544135975557455,0.07902950546607491,0.40715458013128225,-1.2742252900142526,4
1.0,0.0,1.0,0.0,1.0,0.0,0.0,0.0,0.0,1.0,1.3527085285828542,-1.0687217396445652,0.8521369309485944,-1.1765385906044967,1.499069955781142,0.07902950546607491,0.21752555812851174,1.6349648698356394,1
1.0,0.0,1.0,0.0,1.0,0.0,0.0,0.0,1.0,0.0,-1.1260341466039407,-0.8428284393084865,-1.397182558912936,-1.1765385906044967,-0.3498365773121371,0.07902950546607491,0.7021330588022593,-1.2742252900142526,0
1.0,0.0,0.0,1.0,1.0,0.0,0.0,1.0,0.0,0.0,-0.47102960549240425,1.0207912884641632,0.20101813125183535,1.2694875852884278,-0.3565017054054798,1.3961879299006554,-1.3837861832282194,0.1803697899106933,3
0.0,1.0,1.0,0.0,1.0,0.0,0.0,0.0,1.0,0.0,-0.8862939224062542,-0.8274266233764811,-0.39090805029067255,-1.1765385906044967,-0.3498365773121371,1.3961879299006554,-0.03531313787518288,-1.2742252900142526,1
1.0,0.0,1.0,0.0,1.0,0.0,0.0,0.0,1.0,0.0,-1.104628769443433,-0.7298817891404471,1.621640966953855,1.2694875852884278,1.1758112432540184,-1.2381289189685056,1.8188372994852424,-1.2742252900142526,3
0.0,1.0,1.0,0.0,1.0,0.0,0.0,0.0,0.0,1.0,0.6035203279650837,1.6163281711683708,-0.03575234136516776,0.046474497341965605,-1.0123503097904065,1.3961879299006554,-1.362716291894578,0.1803697899106933,4
1.0,0.0,0.0,1.0,1.0,0.0,0.0,1.0,0.0,0.0,1.0444710974715425,1.0105234111761596,-1.456375177067187,1.2694875852884278,-0.4024910892495448,0.07902950546607491,0.40715458013128225,-1.2742252900142526,3
0.0,1.0,1.0,0.0,1.0,0.0,0.0,1.0,0.0,0.0,-1.0660990905545191,0.8975767610081203,-1.397182558912936,-1.1765385906044967,1.4770750330731108,0.07902950546607491,-0.09852281187610654,0.1803697899106933,4
0.0,1.0,0.0,1.0,1.0,0.0,0.0,1.0,0.0,0.0,1.6266973562373528,0.37904895796393956,-0.9236416136789298,0.046474497341965605,-0.3951594483468678,0.07902950546607491,0.19645566679487053,-1.2742252900142526,1
1.0,0.0,1.0,0.0,1.0,0.0,0.0,0.0,1.0,0.0,1.5453569230274233,-1.1097932487965796,1.2072926398740988,1.2694875852884278,-0.7870689802354215,-1.2381289189685056,1.1235308854750832,0.1803697899106933,0
1.0,0.0,0.0,1.0,1.0,0.0,0.0,1.0,0.0,0.0,1.0915629272246596,0.7281567857560612,0.9113295491028454,-1.1765385906044967,-0.9476985672849818,0.07902950546607491,0.40715458013128225,0.1803697899106933,3
1.0,0.0,0.0,1.0,1.0,0.0,0.0,0.0,1.0,0.0,1.6780702614225715,0.6562816447400361,-1.0420268499874314,1.2694875852884278,-1.314280612418833,0.07902950546607491,0.8917620808050297,-1.2742252900142526,2
1.0,0.0,0.0,1.0,1.0,0.0,0.0,1.0,0.0,0.0,1.36983283031126,-0.8171587460884775,-0.9236416136789298,0.046474497341965605,-1.1376547179452503,0.07902950546607491,1.0603212114741596,-1.2742252900142526,1
1.0,0.0,0.0,1.0,1.0,0.0,0.0,0.0,0.0,1.0,0.3552179529031941,-0.7863551142244668,0.5561738401773402,-1.1765385906044967,1.4877392380224592,0.07902950546607491,-1.3837861832282194,1.6349648698356394,1
1.0,0.0,1.0,0.0,1.0,0.0,0.0,1.0,0.0,0.0,-1.048974788826113,-1.0892574942205724,-1.456375177067187,-1.1765385906044967,1.4790745715011138,-1.2381289189685056,-0.28815183387887705,0.1803697899106933,4
1.0,0.0,1.0,0.0,1.0,0.0,0.0,0.0,0.0,1.0,-0.3640027196898656,1.5957924165923638,-0.6276785229076757,0.046474497341965605,-0.7437456476286937,0.07902950546607491,-1.3837861832282194,-1.2742252900142526,4
1.0,0.0,0.0,1.0,0.0,1.0,0.0,0.0,1.0,0.0,-1.0618180151224177,-1.1097932487965796,1.088907403565598,-1.1765385906044967,-1.384264457398932,1.3961879299006554,-1.3837861832282194,-1.2742252900142526,3
0.0,1.0,0.0,1.0,1.0,0.0,0.0,0.0,0.0,1.0,-0.3340351916651549,-0.9865787213405366,0.7929443127943436,-1.1765385906044967,0.670594533778638,0.07902950546607491,1.2499502334769306,-1.2742252900142526,3
1.0,0.0,0.0,1.0,1.0,0.0,0.0,0.0,1.0,0.0,-1.1174719957397377,0.0402090074598214,0.615366458331591,0.046474497341965605,-0.3998250380122077,-1.2381289189685056,-0.07745292054246532,-1.2742252900142526,1
0.0,1.0,0.0,1.0,0.0,1.0,0.0,0.0,0.0,1.0,-0.954791129319879,-1.022516291848549,0.8521369309485944,-1.1765385906044967,-1.1756459480773038,0.07902950546607491,-1.362716291894578,0.1803697899106933,4
1.0,0.0,1.0,0.0,1.0,0.0,0.0,0.0,1.0,0.0,-0.4924349826529121,-1.048185985068558,0.7337516946400927,0.046474497341965605,-1.2689577413841024,0.07902950546607491,0.7442728414695418,1.6349648698356394,3
0.0,1.0,1.0,0.0,1.0,0.0,0.0,0.0,0.0,1.0,-1.0532558642582144,1.5752566620163566,0.6745590764858419,-1.1765385906044967,1.0171811946324611,0.07902950546607491,0.3228750147967178,0.1803697899106933,2
1.0,0.0,0.0,1.0,1.0,0.0,0.0,1.0,0.0,0.0,-1.121753071171839,0.024807191527816033,0.9113295491028454,0.046474497341965605,-1.2356321009173887,1.3961879299006554,-1.362716291894578,-1.2742252900142526,3
0.0,1.0,0.0,1.0,1.0,0.0,0.0,0.0,0.0,1.0,0.6377689314218957,0.9386482701601346,0.7929443127943436,-1.1765385906044967,-1.2309665112520487,-1.2381289189685056,-0.9202485738881131,0.1803697899106933,4
1.0,0.0,1.0,0.0,0.0,0.0,1.0,0.0,1.0,0.0,0.6035203279650837,-1.1046593101525777,-1.397182558912936,-1.1765385906044967,1.387762316622318,0.07902950546607491,0.0068266447920995585,0.1803697899106933,0
0.0,1.0,0.0,1.0,1.0,0.0,0.0,1.0,0.0,0.0,1.2927734725334323,-0.8838999484605008,0.5561738401773402,1.2694875852884278,-0.2238656563479591,-1.2381289189685056,-1.362716291894578,-1.2742252900142526,4
0.0,1.0,0.0,1.0,0.0,1.0,0.0,0.0,0.0,1.0,1.0615953991999487,-0.8890338871045026,-1.397182558912936,0.046474497341965605,-1.298950817804145,0.07902950546607491,0.8074825154704653,0.1803697899106933,2
0.0,1.0,0.0,1.0,1.0,0.0,0.0,0.0,0.0,1.0,-1.0875044677150267,-1.1149271874405813,0.4377886038688388,-1.1765385906044967,0.8932098120962859,1.3961879299006554,0.9339018634723122,-1.2742252900142526,2
1.0,0.0,1.0,0.0,1.0,0.0,0.0,1.0,0.0,0.0,-0.7878291874679186,1.0361931043961687,0.14182551309758482,-1.1765385906044967,-1.1436533332292587,1.3961879299006554,-1.004528139222678,0.1803697899106933,4
1.0,0.0,0.0,1.0,0.0,1.0,0.0,1.0,0.0,0.0,1.5496379984595252,0.2969059396599109,0.8521369309485944,0.046474497341965605,-1.4049263544882946,1.3961879299006554,-1.3837861832282194,0.1803697899106933,1
0.0,1.0,1.0,0.0,1.0,0.0,0.0,0.0,1.0,0.0,-0.8948560732704574,1.5495869687963477,0.5561738401773402,0.046474497341965605,0.48063838311836965,0.07902950546607491,-0.18280237721067094,-1.2742252900142526,3
1.0,0.0,1.0,0.0,1.0,0.0,0.0,0.0,1.0,0.0,1.4040814337680723,-0.976310844052533,-1.397182558912936,1.2694875852884278,1.3364408303035789,0.07902950546607491,0.7021330588022593,-1.2742252900142526,3
1.0,0.0,1.0,0.0,0.0,1.0,0.0,1.0,0.0,0.0,-0.8477642435173404,1.3544973003242797,-1.3379899407586855,0.046474497341965605,0.46597510131301556,-1.2381289189685056,-1.362716291894578,0.1803697899106933,4
1.0,0.0,0.0,1.0,1.0,0.0,0.0,1.0,0.0,0.0,0.18825601105123355,-0.7093460345644399,-0.03575234136516776,1.2694875852884278,0.5379584847211173,-1.2381289189685056,-1.3837861832282194,-1.2742252900142526,4
1.0,0.0,1.0,0.0,1.0,0.0,0.0,0.0,0.0,1.0,0.5735527999403728,-0.005996440336194707,0.7337516946400927,0.046474497341965605,-1.284954048808125,0.07902950546607491,0.5967836021340532,0.1803697899106933,4
1.0,0.0,1.0,0.0,1.0,0.0,0.0,0.0,0.0,1.0,-0.9933208082087929,0.9386482701601346,-1.397182558912936,-1.1765385906044967,1.2391299601407746,-1.2381289189685056,0.4703642541322059,0.1803697899106933,2
0.0,1.0,0.0,1.0,1.0,0.0,0.0,0.0,0.0,1.0,1.3527085285828542,1.6214621098123727,0.49698122202308964,1.2694875852884278,-1.209638101353352,-1.2381289189685056,-0.8570388998871894,0.1803697899106933,4
1.0,0.0,1.0,0.0,1.0,0.0,0.0,0.0,0.0,1.0,0.6634553840145052,1.6471318030323816,0.615366458331591,0.046474497341965605,1.4437493926063971,-1.2381289189685056,0.07003631879302322,0.1803697899106933,4
0.0,1.0,0.0,1.0,1.0,0.0,0.0,1.0,0.0,0.0,0.6634553840145052,1.1850773250722206,0.31940336756033705,0.046474497341965605,-1.345606714457544,1.3961879299006554,-1.004528139222678,1.6349648698356394,2
1.0,0.0,1.0,0.0,1.0,0.0,0.0,1.0,0.0,0.0,0.646331082286099,1.6214621098123727,1.621640966953855,-1.1765385906044967,1.4017590856183377,-1.2381289189685056,1.6081383861488308,0.1803697899106933,4
0.0,1.0,1.0,0.0,1.0,0.0,0.0,0.0,1.0,0.0,-0.9119803749988635,1.518783336932337,0.8521369309485944,-1.1765385906044967,0.7725709936067822,1.3961879299006554,1.3763695814787777,1.6349648698356394,3
0.0,1.0,0.0,1.0,1.0,0.0,0.0,0.0,0.0,1.0,-1.010445109937199,1.0207912884641632,0.31940336756033705,0.046474497341965605,-1.0736694882491598,-1.2381289189685056,-1.2784367265600136,0.1803697899106933,4
1.0,0.0,1.0,0.0,1.0,0.0,0.0,0.0,0.0,1.0,0.6334878559897943,-0.5501939366003844,-1.397182558912936,0.046474497341965605,-0.4044906276775477,1.3961879299006554,0.6599932761349768,0.1803697899106933,4
1.0,0.0,1.0,0.0,1.0,0.0,0.0,0.0,1.0,0.0,-0.9462289784556757,-0.8993017643925062,1.2664852580283499,0.046474497341965605,-0.7464116988660308,-1.2381289189685056,1.207810450809648,0.1803697899106933,0
0.0,1.0,0.0,1.0,1.0,0.0,0.0,0.0,1.0,0.0,-1.048974788826113,-1.0892574942205724,-1.397182558912936,0.046474497341965605,-1.1649817431279554,0.07902950546607491,1.3763695814787777,-1.2742252900142526,3
1.0,0.0,1.0,0.0,0.0,0.0,1.0,0.0,1.0,0.0,-1.104628769443433,-1.1046593101525777,0.7929443127943436,-1.1765385906044967,-1.1649817431279554,-1.2381289189685056,1.7345577341506775,1.6349648698356394,3
0.0,1.0,1.0,0.0,1.0,0.0,0.0,0.0,1.0,0.0,0.9759738905579178,-0.7093460345644399,-0.21333019582792,1.2694875852884278,1.2144689861954066,-1.2381289189685056,1.6502781688161132,1.6349648698356394,3
1.0,0.0,1.0,0.0,1.0,0.0,0.0,1.0,0.0,0.0,1.6010109036447433,1.0207912884641632,0.7337516946400927,0.046474497341965605,-0.47380795984831225,-1.2381289189685056,-0.18280237721067094,0.1803697899106933,4
1.0,0.0,0.0,1.0,1.0,0.0,0.0,0.0,0.0,1.0,0.072666974384492,1.1594076318522115,-1.456375177067187,-1.1765385906044967,-0.8623849276901946,-1.2381289189685056,-1.3837861832282194,-1.2742252900142526,4
1.0,0.0,1.0,0.0,1.0,0.0,0.0,1.0,0.0,0.0,-1.1260341466039407,-0.7350157277844489,-1.160412086295933,-1.1765385906044967,0.26135566884739314,0.07902950546607491,1.544928712147907,0.1803697899106933,4
1.0,0.0,1.0,0.0,1.0,0.0,0.0,0.0,0.0,1.0,1.0872818517925582,-0.8890338871045026,-1.397182558912936,-1.1765385906044967,1.4744089818357737,-1.2381289189685056,-0.6463399865507775,-1.2742252900142526,4
1.0,0.0,0.0,1.0,1.0,0.0,0.0,1.0,0.0,0.0,0.4536826878415294,0.9489161474481382,-1.456375177067187,1.2694875852884278,-0.3744975512575053,1.3961879299006554,0.34394490613035905,-1.2742252900142526,4
0.0,1.0,0.0,1.0,1.0,0.0,0.0,1.0,0.0,0.0,-1.1303152220360424,1.3339615457482725,-1.456375177067187,0.046474497341965605,0.1393838247392208,0.07902950546607491,0.04896642745938199,0.1803697899106933,2
1.0,0.0,0.0,1.0,1.0,0.0,0.0,0.0,1.0,0.0,0.6506121577182005,0.47145985355597175,1.148100021719848,0.046474497341965605,-0.5064670875056917,1.3961879299006554,-1.2784367265600136,0.1803697899106933,2
1.0,0.0,1.0,0.0,0.0,0.0,1.0,1.0,0.0,0.0,0.6249257051255913,-0.7658193596484596,-1.397182558912936,1.2694875852884278,-0.4671428317549695,0.07902950546607491,0.04896642745938199,0.1803697899106933,1
0.0,1.0,1.0,0.0,1.0,0.0,0.0,1.0,0.0,0.0,-1.0318504870977068,-0.9865787213405366,0.9705221672570962,1.2694875852884278,0.22069838747800236,0.07902950546607491,0.13324599279394686,1.6349648698356394,4
0.0,1.0,0.0,1.0,1.0,0.0,0.0,1.0,0.0,0.0,-0.9076992995667619,-0.9917126599845384,0.49698122202308964,0.046474497341965605,0.43531551208363894,-1.2381289189685056,-1.2995066178936547,0.1803697899106933,3
1.0,0.0,0.0,1.0,1.0,0.0,0.0,0.0,0.0,1.0,1.7508485437682977,1.4982475823563297,1.7400262032623566,0.046474497341965605,-1.352938355360221,1.3961879299006554,-1.2784367265600136,0.1803697899106933,4
0.0,1.0,1.0,0.0,0.0,1.0,0.0,0.0,0.0,1.0,0.04269944635978107,-0.5091224274483701,-0.6868711410619265,-1.1765385906044967,-1.2909526640921334,1.3961879299006554,-0.5831303125498538,1.6349648698356394,4
1.0,0.0,1.0,0.0,1.0,0.0,0.0,1.0,0.0,0.0,-0.23128938129471788,1.128603999988201,0.5561738401773402,0.046474497341965605,-0.7150855968273199,-1.2381289189685056,-1.3837861832282194,1.6349648698356394,1
0.0,1.0,0.0,1.0,1.0,0.0,0.0,0.0,1.0,0.0,1.6052919790768452,0.9745858406681471,0.49698122202308964,-1.1765385906044967,-1.2696242541934366,0.07902950546607491,0.7232029501359005,0.1803697899106933,0
0.0,1.0,1.0,0.0,1.0,0.0,0.0,0.0,1.0,0.0,0.5992392525329818,-1.0892574942205724,0.2602107494060862,1.2694875852884278,0.9651931955043876,-1.2381289189685056,-1.362716291894578,0.1803697899106933,3
0.0,1.0,1.0,0.0,1.0,0.0,0.0,0.0,1.0,0.0,-1.0061640345050975,-1.1149271874405813,-1.397182558912936,0.046474497341965605,0.9178707860416541,0.07902950546607491,0.42822447146492343,-1.2742252900142526,0
0.0,1.0,0.0,1.0,1.0,0.0,0.0,0.0,0.0,1.0,1.305616698829737,0.9386482701601346,-0.03575234136516776,-1.1765385906044967,0.9551955033643735,0.07902950546607491,1.8188372994852424,-1.2742252900142526,2
1.0,0.0,1.0,0.0,1.0,0.0,0.0,1.0,0.0,0.0,0.6249257051255913,0.9899876566001525,-1.456375177067187,1.2694875852884278,-0.6557659567965693,0.07902950546607491,-0.5409905298825717,1.6349648698356394,4
1.0,0.0,1.0,0.0,1.0,0.0,0.0,0.0,0.0,1.0,-0.9419479030235742,-1.0841235555765707,-0.5684859047534249,0.046474497341965605,0.9871881182124187,1.3961879299006554,-1.362716291894578,0.1803697899106933,2
1.0,0.0,1.0,0.0,1.0,0.0,0.0,1.0,0.0,0.0,-1.1174719957397377,1.0105234111761596,-1.456375177067187,-1.1765385906044967,-1.1936417939293293,1.3961879299006554,-1.2995066178936547,0.1803697899106933,4
1.0,0.0,0.0,1.0,1.0,0.0,0.0,0.0,1.0,0.0,-1.1303152220360424,-1.0892574942205724,0.9113295491028454,0.046474497341965605,0.8632167356762436,-1.2381289189685056,-1.362716291894578,-1.2742252900142526,4
0.0,1.0,0.0,1.0,0.0,1.0,0.0,0.0,1.0,0.0,0.5350231210514589,-0.3037648816882985,-1.456375177067187,-1.1765385906044967,0.24202679737669916,1.3961879299006554,0.7021330588022593,-1.2742252900142526,0
0.0,1.0,1.0,0.0,1.0,0.0,0.0,0.0,0.0,1.0,0.072666974384492,0.9078446382961239,0.7929443127943436,0.046474497341965605,-0.366499397545494,-1.2381289189685056,0.6599932761349768,-1.2742252900142526,4
0.0,1.0,0.0,1.0,1.0,0.0,0.0,1.0,0.0,0.0,1.5282326212990172,1.5855245393043602,-0.7460637592161774,0.046474497341965605,-0.34583750045613143,-1.2381289189685056,-1.2784367265600136,1.6349648698356394,3
1.0,0.0,1.0,0.0,0.0,1.0,0.0,1.0,0.0,0.0,0.6334878559897943,1.0105234111761596,1.088907403565598,-1.1765385906044967,1.3990930343810006,1.3961879299006554,-0.07745292054246532,0.1803697899106933,2
0.0,1.0,1.0,0.0,1.0,0.0,0.0,0.0,1.0,0.0,-1.1303152220360424,-0.8017569301564721,1.3848704943368515,0.046474497341965605,1.4617452384584226,-1.2381289189685056,1.1235308854750832,-1.2742252900142526,0
1.0,0.0,0.0,1.0,1.0,0.0,0.0,0.0,1.0,0.0,0.9631306642616134,-1.1046593101525777,-1.397182558912936,1.2694875852884278,1.4890722636411278,0.07902950546607491,0.11217610146030564,0.1803697899106933,4
0.0,1.0,0.0,1.0,1.0,0.0,0.0,0.0,1.0,0.0,-1.1345962974681438,0.9335143315161328,0.49698122202308964,-1.1765385906044967,-0.17454370845722275,-1.2381289189685056,-0.14066259454338897,-1.2742252900142526,1
1.0,0.0,1.0,0.0,1.0,0.0,0.0,0.0,0.0,1.0,-1.0789423168508239,0.9848537179561507,0.6745590764858419,-1.1765385906044967,1.4437493926063971,0.07902950546607491,0.3228750147967178,1.6349648698356394,4
1.0,0.0,0.0,1.0,0.0,0.0,1.0,0.0,1.0,0.0,-1.0361315625298084,0.9489161474481382,1.2664852580283499,-1.1765385906044967,1.467743853742431,1.3961879299006554,-1.3837861832282194,0.1803697899106933,4
0.0,1.0,0.0,1.0,1.0,0.0,0.0,0.0,1.0,0.0,-1.0446937133940115,0.5022634854199824,-0.7460637592161774,-1.1765385906044967,-0.5711188300111164,-1.2381289189685056,1.8188372994852424,1.6349648698356394,2
0.0,1.0,1.0,0.0,1.0,0.0,0.0,0.0,1.0,0.0,-1.048974788826113,1.3031579138842617,0.5561738401773402,-1.1765385906044967,0.11072377393784698,0.07902950546607491,0.3018051234630766,0.1803697899106933,3
1.0,0.0,0.0,1.0,1.0,0.0,0.0,1.0,0.0,0.0,0.6249257051255913,1.0156573498201615,0.6745590764858419,0.046474497341965605,-0.3711649872108339,0.07902950546607491,-1.2784367265600136,1.6349648698356394,2
1.0,0.0,0.0,1.0,1.0,0.0,0.0,0.0,1.0,0.0,-0.09429496746746831,0.9899876566001525,-1.397182558912936,1.2694875852884278,-0.4144883198175618,0.07902950546607491,-0.07745292054246532,-1.2742252900142526,3
0.0,1.0,1.0,0.0,1.0,0.0,0.0,0.0,1.0,0.0,1.2799302462371276,-0.7144799732084417,-1.397182558912936,1.2694875852884278,-1.2542944595787484,-1.2381289189685056,-0.07745292054246532,0.1803697899106933,2
1.0,0.0,1.0,0.0,1.0,0.0,0.0,0.0,1.0,0.0,-1.0532558642582144,-0.11894309050423409,-0.9236416136789298,1.2694875852884278,1.499069955781142,0.07902950546607491,1.5238588208142658,-1.2742252900142526,0
1.0,0.0,0.0,1.0,1.0,0.0,0.0,0.0,1.0,0.0,-0.2484136830231239,0.045342946103823195,-1.456375177067187,-1.1765385906044967,0.03340828805507107,0.07902950546607491,0.42822447146492343,-1.2742252900142526,4
0.0,1.0,1.0,0.0,1.0,0.0,0.0,0.0,1.0,0.0,-1.0789423168508239,0.563870749148004,-0.39090805029067255,-1.1765385906044967,-0.9543636953783246,1.3961879299006554,-1.3416464005609372,0.1803697899106933,2
1.0,0.0,1.0,0.0,0.0,1.0,0.0,0.0,0.0,1.0,-1.1303152220360424,-0.7144799732084417,0.08263289494333396,1.2694875852884278,-1.124990974567899,1.3961879299006554,-0.37243139921344187,0.1803697899106933,1
0.0,1.0,0.0,1.0,1.0,0.0,0.0,1.0,0.0,0.0,-0.36828379512196724,-0.18055035423225557,0.7929443127943436,0.046474497341965605,-1.1676477943652925,0.07902950546607491,0.8074825154704653,1.6349648698356394,2
1.0,0.0,1.0,0.0,1.0,0.0,0.0,0.0,0.0,1.0,0.5949581771008804,0.8975767610081203,-0.4501006684449234,-1.1765385906044967,0.7872342754121362,1.3961879299006554,-1.362716291894578,0.1803697899106933,3
1.0,0.0,1.0,0.0,1.0,0.0,0.0,0.0,1.0,0.0,-0.20988400413421004,-0.9917126599845384,0.20101813125183535,-1.1765385906044967,-1.3156136380375016,-1.2381289189685056,-1.362716291894578,-1.2742252900142526,3
1.0,0.0,1.0,0.0,1.0,0.0,0.0,1.0,0.0,0.0,-1.1131909203076362,-0.8222926847324793,0.7337516946400927,1.2694875852884278,-1.1923087683106608,1.3961879299006554,1.2288803421432892,1.6349648698356394,2
1.0,0.0,1.0,0.0,1.0,0.0,0.0,0.0,1.0,0.0,1.023065720311035,-0.755551482360456,0.20101813125183535,1.2694875852884278,1.2717890877981541,0.07902950546607491,0.13324599279394686,0.1803697899106933,4
0.0,1.0,0.0,1.0,1.0,0.0,0.0,1.0,0.0,0.0,1.4682975652495958,-0.3499703294843146,-1.456375177067187,0.046474497341965605,-0.3971589867748706,1.3961879299006554,0.9549717548059534,-1.2742252900142526,3
0.0,1.0,0.0,1.0,1.0,0.0,0.0,1.0,0.0,0.0,-1.0746612414187222,1.5341851528643422,-1.397182558912936,1.2694875852884278,-0.858385850834189,-1.2381289189685056,0.7653427328031829,0.1803697899106933,4
0.0,1.0,1.0,0.0,1.0,0.0,0.0,1.0,0.0,0.0,-0.5694943404307398,0.9694519020241453,0.7337516946400927,-1.1765385906044967,-0.7790708265234102,0.07902950546607491,-0.4988507472152892,1.6349648698356394,4
1.0,0.0,0.0,1.0,1.0,0.0,0.0,0.0,1.0,0.0,-0.9419479030235742,1.1337379386322026,-0.9236416136789298,1.2694875852884278,1.0698357065698687,0.07902950546607491,1.7345577341506775,-1.2742252900142526,0
0.0,1.0,1.0,0.0,1.0,0.0,0.0,1.0,0.0,0.0,1.2842113216692292,-1.099525371508576,0.8521369309485944,0.046474497341965605,1.4730759562171052,0.07902950546607491,0.7442728414695418,1.6349648698356394,2
0.0,1.0,1.0,0.0,1.0,0.0,0.0,0.0,0.0,1.0,1.0444710974715425,0.9745858406681471,0.14182551309758482,1.2694875852884278,-1.2769558950961137,-1.2381289189685056,-1.2995066178936547,0.1803697899106933,0
1.0,0.0,0.0,1.0,1.0,0.0,0.0,0.0,1.0,0.0,0.5992392525329818,0.9489161474481382,-1.456375177067187,-1.1765385906044967,-1.057006668015803,1.3961879299006554,0.575713710800412,0.1803697899106933,4
1.0,0.0,1.0,0.0,1.0,0.0,0.0,0.0,0.0,1.0,1.2756491708050262,-0.9968465986285402,0.4377886038688388,-1.1765385906044967,1.3957604703343294,1.3961879299006554,-0.20387226854431215,1.6349648698356394,1
1.0,0.0,0.0,1.0,1.0,0.0,0.0,1.0,0.0,0.0,-1.0147261853693006,-0.7606854210044578,-0.2725228139821709,0.046474497341965605,-1.382264918970929,1.3961879299006554,0.04896642745938199,-1.2742252900142526,3
1.0,0.0,1.0,0.0,1.0,0.0,0.0,1.0,0.0,0.0,-0.7792670366037155,-0.2575594338922824,-1.456375177067187,1.2694875852884278,-1.2449632802480686,0.07902950546607491,-1.362716291894578,0.1803697899106933,4
1.0,0.0,1.0,0.0,1.0,0.0,0.0,0.0,0.0,1.0,0.6334878559897943,0.6408798288080308,-1.2196047044501837,-1.1765385906044967,-1.3516053297415525,-1.2381289189685056,-1.3837861832282194,0.1803697899106933,4
0.0,1.0,0.0,1.0,1.0,0.0,0.0,0.0,1.0,0.0,-1.010445109937199,-1.05331992371256,0.7929443127943436,1.2694875852884278,-0.3585012438334827,0.07902950546607491,0.3650147974639998,-1.2742252900142526,3
1.0,0.0,1.0,0.0,0.0,0.0,1.0,1.0,0.0,0.0,1.8065025243856174,0.9129785769401257,0.49698122202308964,-1.1765385906044967,1.4757420074544423,-1.2381289189685056,0.9971115374732359,-1.2742252900142526,4
0.0,1.0,0.0,1.0,0.0,1.0,0.0,1.0,0.0,0.0,-1.121753071171839,-0.8068908688004739,0.9113295491028454,0.046474497341965605,-1.1263240001865675,0.07902950546607491,1.207810450809648,0.1803697899106933,1
1.0,0.0,1.0,0.0,1.0,0.0,0.0,0.0,1.0,0.0,0.7790444206812467,-1.094391432864574,0.4377886038688388,-1.1765385906044967,1.4110902649490176,1.3961879299006554,-0.41457118188072434,0.1803697899106933,4
0.0,1.0,0.0,1.0,1.0,0.0,0.0,0.0,0.0,1.0,-0.8563263943815435,1.2672203433762492,0.9113295491028454,1.2694875852884278,-0.3518361157401399,0.07902950546607491,0.5967836021340532,0.1803697899106933,4
1.0,0.0,0.0,1.0,1.0,0.0,0.0,0.0,0.0,1.0,0.5821149508045756,-0.7401496664284507,0.9705221672570962,-1.1765385906044967,-0.3518361157401399,-1.2381289189685056,1.3342297988114953,0.1803697899106933,1
1.0,0.0,1.0,0.0,1.0,0.0,0.0,0.0,0.0,1.0,1.3270220759902447,0.9848537179561507,0.7337516946400927,0.046474497341965605,1.387762316622318,-1.2381289189685056,-0.7095496605517011,-1.2742252900142526,4
1.0,0.0,1.0,0.0,1.0,0.0,0.0,1.0,0.0,0.0,-0.963353280184082,-0.8890338871045026,-1.397182558912936,1.2694875852884278,0.46997417816902126,1.3961879299006554,0.7232029501359005,1.6349648698356394,4
0.0,1.0,1.0,0.0,1.0,0.0,0.0,1.0,0.0,0.0,0.6420500068539976,0.9232464542281292,0.4377886038688388,0.046474497341965605,-0.40982273015222187,0.07902950546607491,0.13324599279394686,0.1803697899106933,4
1.0,0.0,1.0,0.0,1.0,0.0,0.0,0.0,1.0,0.0,-1.0875044677150267,-0.8325605620204829,-0.39090805029067255,1.2694875852884278,1.237796934522106,1.3961879299006554,-1.130947487224525,0.1803697899106933,3
1.0,0.0,1.0,0.0,1.0,0.0,0.0,0.0,1.0,0.0,0.5992392525329818,0.4868616694879771,0.5561738401773402,1.2694875852884278,-0.5904477014818104,0.07902950546607491,0.3018051234630766,0.1803697899106933,2
1.0,0.0,1.0,0.0,1.0,0.0,0.0,0.0,0.0,1.0,0.6891418366071143,-1.1149271874405813,0.20101813125183535,0.046474497341965605,-0.3511696029308056,1.3961879299006554,1.6713480601497543,0.1803697899106933,4
1.0,0.0,1.0,0.0,1.0,0.0,0.0,1.0,0.0,0.0,-0.8948560732704574,0.9797197793121489,0.9113295491028454,-1.1765385906044967,1.409757239330349,-1.2381289189685056,0.04896642745938199,0.1803697899106933,4
1.0,0.0,0.0,1.0,1.0,0.0,0.0,0.0,0.0,1.0,-1.0318504870977068,0.029941130171817824,0.615366458331591,1.2694875852884278,-0.3658328847361597,-1.2381289189685056,0.07003631879302322,0.1803697899106933,1
0.0,1.0,0.0,1.0,1.0,0.0,0.0,0.0,0.0,1.0,1.2028708884592998,0.9489161474481382,0.8521369309485944,0.046474497341965605,-0.7864024674260872,0.07902950546607491,0.2596653407957942,1.6349648698356394,4
1.0,0.0,1.0,0.0,1.0,0.0,0.0,0.0,1.0,0.0,-0.3811270214182718,-1.0789896169325688,-0.5684859047534249,0.046474497341965605,-1.1803115377426439,0.07902950546607491,1.3763695814787777,-1.2742252900142526,3
1.0,0.0,0.0,1.0,1.0,0.0,0.0,0.0,0.0,1.0,-0.963353280184082,-1.0122484145605455,0.615366458331591,1.2694875852884278,-0.7350809811073481,-1.2381289189685056,-1.3837861832282194,0.1803697899106933,2
1.0,0.0,0.0,1.0,1.0,0.0,0.0,0.0,1.0,0.0,1.8279079015461255,-0.6015333230404023,0.8521369309485944,1.2694875852884278,0.6019437144172077,1.3961879299006554,1.7345577341506775,1.6349648698356394,3
0.0,1.0,1.0,0.0,1.0,0.0,0.0,0.0,1.0,0.0,1.5239515458669157,1.2877560979522564,1.4440631124911023,0.046474497341965605,0.18870577262995716,-1.2381289189685056,-0.7095496605517011,-1.2742252900142526,3
1.0,0.0,1.0,0.0,1.0,0.0,0.0,1.0,0.0,0.0,-0.02151668512174226,-1.1200611260845832,-0.5684859047534249,1.2694875852884278,-0.028577403213016512,0.07902950546607491,1.5659986034815483,-1.2742252900142526,4
0.0,1.0,1.0,0.0,1.0,0.0,0.0,0.0,0.0,1.0,0.6163635542613881,0.9078446382961239,-0.5684859047534249,1.2694875852884278,1.3837632397663124,0.07902950546607491,1.544928712147907,0.1803697899106933,4
1.0,0.0,0.0,1.0,1.0,0.0,0.0,0.0,0.0,1.0,1.5710433756200328,-1.0173823532045474,0.6745590764858419,-1.1765385906044967,-0.3718315000201682,-1.2381289189685056,0.07003631879302322,0.1803697899106933,4
1.0,0.0,1.0,0.0,1.0,0.0,0.0,0.0,1.0,0.0,-1.0446937133940115,1.174809447784217,-1.397182558912936,1.2694875852884278,1.448414982271737,0.07902950546607491,0.386084688797641,0.1803697899106933,4
0.0,1.0,0.0,1.0,1.0,0.0,0.0,0.0,0.0,1.0,0.6120824788292866,1.395568809476294,1.4440631124911023,-1.1765385906044967,-0.4978024209843462,-1.2381289189685056,-0.07745292054246532,0.1803697899106933,4
0.0,1.0,0.0,1.0,1.0,0.0,0.0,1.0,0.0,0.0,-0.7921102629000202,-1.099525371508576,-1.456375177067187,1.2694875852884278,-0.9650279003276729,0.07902950546607491,0.34394490613035905,0.1803697899106933,3
1.0,0.0,0.0,1.0,1.0,0.0,0.0,1.0,0.0,0.0,-0.954791129319879,1.4366403186283083,0.3785959857145879,1.2694875852884278,-0.8150625182274611,0.07902950546607491,-0.03531313787518288,0.1803697899106933,4
1.0,0.0,0.0,1.0,1.0,0.0,0.0,0.0,0.0,1.0,0.8432605521627701,1.3134257911722653,-1.456375177067187,1.2694875852884278,-0.366499397545494,-1.2381289189685056,0.8496222981377478,0.1803697899106933,1
0.0,1.0,1.0,0.0,1.0,0.0,0.0,1.0,0.0,0.0,-1.0318504870977068,1.5495869687963477,-1.397182558912936,-1.1765385906044967,1.4730759562171052,0.07902950546607491,0.1543158841275881,-1.2742252900142526,4
0.0,1.0,0.0,1.0,1.0,0.0,0.0,0.0,1.0,0.0,-0.25269475845522554,0.9078446382961239,-1.456375177067187,1.2694875852884278,1.4177553930423603,0.07902950546607491,0.3650147974639998,-1.2742252900142526,4
1.0,0.0,0.0,1.0,1.0,0.0,0.0,1.0,0.0,0.0,1.7251620911756882,-1.0841235555765707,0.49698122202308964,-1.1765385906044967,-1.0096842585530694,-1.2381289189685056,0.04896642745938199,-1.2742252900142526,4
0.0,1.0,1.0,0.0,1.0,0.0,0.0,0.0,0.0,1.0,0.6677364594466066,-0.9147035803245115,-1.160412086295933,0.046474497341965605,-0.6650971361272492,1.3961879299006554,-1.362716291894578,0.1803697899106933,2
0.0,1.0,0.0,1.0,1.0,0.0,0.0,1.0,0.0,0.0,-1.09606661857923,-0.658006648124422,-1.397182558912936,0.046474497341965605,-1.141653794801256,0.07902950546607491,0.386084688797641,-1.2742252900142526,1
1.0,0.0,1.0,0.0,1.0,0.0,0.0,0.0,1.0,0.0,0.33809365117478785,-0.7966229915124704,0.49698122202308964,-1.1765385906044967,-0.7244167761579997,-1.2381289189685056,-1.2152270525590898,-1.2742252900142526,1
0.0,1.0,1.0,0.0,1.0,0.0,0.0,0.0,0.0,1.0,0.6506121577182005,0.9899876566001525,-1.456375177067187,1.2694875852884278,-1.195641332357332,0.07902950546607491,-0.41457118188072434,0.1803697899106933,0
1.0,0.0,1.0,0.0,1.0,0.0,0.0,1.0,0.0,0.0,0.5949581771008804,-0.9968465986285402,0.8521369309485944,-1.1765385906044967,-1.1756459480773038,1.3961879299006554,0.8917620808050297,-1.2742252900142526,4
1.0,0.0,1.0,0.0,1.0,0.0,0.0,1.0,0.0,0.0,0.038418370927679614,0.635745890164029,-1.456375177067187,1.2694875852884278,1.3671004195329555,0.07902950546607491,1.4606491468133422,1.6349648698356394,4
1.0,0.0,1.0,0.0,1.0,0.0,0.0,0.0,0.0,1.0,-0.4496242283318966,-1.0430520464245563,-0.33171543213642174,-1.1765385906044967,1.496403904543805,0.07902950546607491,1.0181814288068771,1.6349648698356394,1
0.0,1.0,0.0,1.0,0.0,1.0,0.0,0.0,0.0,1.0,1.0273467957431364,-0.878766009816499,-1.456375177067187,0.046474497341965605,1.1911410378687068,-1.2381289189685056,1.7345577341506775,-1.2742252900142526,1
1.0,0.0,1.0,0.0,1.0,0.0,0.0,0.0,0.0,1.0,-0.0857328166032652,1.0259252271081651,-1.1012194681416823,-1.1765385906044967,0.8678823253415835,1.3961879299006554,1.544928712147907,-1.2742252900142526,2
0.0,1.0,1.0,0.0,1.0,0.0,0.0,0.0,0.0,1.0,1.7080377894472825,1.5341851528643422,-1.456375177067187,0.046474497341965605,-1.3102815355628274,0.07902950546607491,-0.09852281187610654,0.1803697899106933,3
1.0,0.0,0.0,1.0,1.0,0.0,0.0,0.0,1.0,0.0,0.6163635542613881,-0.34483639084031287,0.31940336756033705,0.046474497341965605,-0.10722591471446097,0.07902950546607491,0.1543158841275881,0.1803697899106933,1
1.0,0.0,1.0,0.0,1.0,0.0,0.0,1.0,0.0,0.0,-1.057536939690316,1.2774882206642528,-1.160412086295933,-1.1765385906044967,-0.9590292850436645,1.3961879299006554,0.07003631879302322,1.6349648698356394,1
1.0,0.0,1.0,0.0,1.0,0.0,0.0,0.0,1.0,0.0,0.6934229120392161,1.3339615457482725,0.2602107494060862,-1.1765385906044967,0.9991853487804356,1.3961879299006554,-0.8570388998871894,0.1803697899106933,4
0.0,1.0,1.0,0.0,1.0,0.0,0.0,0.0,0.0,1.0,-0.9761965064803867,0.9437822088041364,0.08263289494333396,1.2694875852884278,-1.3462732272668783,1.3961879299006554,-0.18280237721067094,-1.2742252900142526,0
0.0,1.0,0.0,1.0,1.0,0.0,0.0,0.0,1.0,0.0,-1.0660990905545191,-0.9711769054085312,0.4377886038688388,-1.1765385906044967,0.4266508455622934,1.3961879299006554,-0.11959270320974776,0.1803697899106933,2
1.0,0.0,1.0,0.0,0.0,0.0,1.0,0.0,1.0,0.0,0.23962891623645213,-0.781221175580465,-0.33171543213642174,0.046474497341965605,-0.8903784656822342,1.3961879299006554,-1.3837861832282194,0.1803697899106933,1
0.0,1.0,1.0,0.0,1.0,0.0,0.0,1.0,0.0,0.0,0.025575144631374874,-1.0584538623565616,0.8521369309485944,-1.1765385906044967,-0.47114190861097516,1.3961879299006554,-1.362716291894578,1.6349648698356394,4
1.0,0.0,1.0,0.0,0.0,1.0,0.0,0.0,0.0,1.0,-1.010445109937199,-0.9095696416805097,0.49698122202308964,-1.1765385906044967,1.4977369301624734,1.3961879299006554,0.7232029501359005,0.1803697899106933,2
0.0,1.0,0.0,1.0,1.0,0.0,0.0,1.0,0.0,0.0,1.7080377894472825,0.11721808711984825,0.08263289494333396,-1.1765385906044967,1.4910718020691307,1.3961879299006554,-1.2995066178936547,-1.2742252900142526,1
1.0,0.0,0.0,1.0,1.0,0.0,0.0,1.0,0.0,0.0,-0.5908997175912476,-0.7914890528684686,0.9113295491028454,0.046474497341965605,1.1618144742579988,-1.2381289189685056,-1.3837861832282194,1.6349648698356394,1
0.0,1.0,0.0,1.0,1.0,0.0,0.0,0.0,1.0,0.0,-1.104628769443433,0.9694519020241453,0.49698122202308964,0.046474497341965605,-0.7537433397687078,0.07902950546607491,0.6389233848013356,-1.2742252900142526,1
1.0,0.0,1.0,0.0,1.0,0.0,0.0,1.0,0.0,0.0,-1.057536939690316,1.000255533888156,-1.456375177067187,0.046474497341965605,0.8432213513962152,1.3961879299006554,-1.362716291894578,0.1803697899106933,4
1.0,0.0,0.0,1.0,1.0,0.0,0.0,1.0,0.0,0.0,0.6120824788292866,-1.1097932487965796,0.615366458331591,-1.1765385906044967,-1.2549609723880826,-1.2381289189685056,-0.6252700952171363,0.1803697899106933,0
1.0,0.0,0.0,1.0,0.0,1.0,0.0,0.0,0.0,1.0,-0.9376668275914728,-0.8993017643925062,-0.33171543213642174,-1.1765385906044967,0.9391991959403508,-1.2381289189685056,1.7134878428170368,0.1803697899106933,2
1.0,0.0,1.0,0.0,0.0,0.0,1.0,0.0,0.0,1.0,-1.0232883362335037,-0.7760872369364632,-0.39090805029067255,-1.1765385906044967,-1.3442736888388755,0.07902950546607491,1.6292082774824719,1.6349648698356394,4
1.0,0.0,0.0,1.0,1.0,0.0,0.0,1.0,0.0,0.0,-1.0789423168508239,0.9797197793121489,-0.03575234136516776,1.2694875852884278,-0.3838287305881851,-1.2381289189685056,-1.3837861832282194,0.1803697899106933,3
1.0,0.0,0.0,1.0,1.0,0.0,0.0,0.0,0.0,1.0,1.2456816427803155,1.4263724413403047,-0.6868711410619265,1.2694875852884278,-0.7557428781967106,-1.2381289189685056,-1.3416464005609372,0.1803697899106933,2
1.0,0.0,1.0,0.0,1.0,0.0,0.0,0.0,0.0,1.0,-1.057536939690316,-0.9095696416805097,0.3785959857145879,0.046474497341965605,1.007183502492447,1.3961879299006554,-1.3837861832282194,0.1803697899106933,2
1.0,0.0,1.0,0.0,1.0,0.0,0.0,0.0,1.0,0.0,-1.1003476940113315,-0.7401496664284507,-0.8052563773704282,1.2694875852884278,1.4584126744117512,1.3961879299006554,-1.3837861832282194,0.1803697899106933,0
1.0,0.0,1.0,0.0,1.0,0.0,0.0,1.0,0.0,0.0,1.1086872289530658,1.0105234111761596,0.5561738401773402,0.046474497341965605,-1.1536510253692729,-1.2381289189685056,-0.8359690085535482,1.6349648698356394,4
0.0,1.0,0.0,1.0,0.0,0.0,1.0,0.0,0.0,1.0,0.6292067805576929,1.000255533888156,-1.1012194681416823,1.2694875852884278,0.7799026345094592,0.07902950546607491,-1.3837861832282194,0.1803697899106933,4
1.0,0.0,0.0,1.0,1.0,0.0,0.0,1.0,0.0,0.0,1.6994756385830787,0.9437822088041364,-1.397182558912936,1.2694875852884278,1.3551031889649385,1.3961879299006554,0.5125040367994883,1.6349648698356394,3
0.0,1.0,0.0,1.0,1.0,0.0,0.0,0.0,1.0,0.0,0.6206446296934895,-0.9506411508325241,-0.9828342318331806,0.046474497341965605,-0.38516175620685367,1.3961879299006554,-0.01424324654154166,-1.2742252900142526,4
1.0,0.0,0.0,1.0,1.0,0.0,0.0,0.0,0.0,1.0,-1.1174719957397377,-0.9198375189685133,0.3785959857145879,0.046474497341965605,-0.39582596115620206,0.07902950546607491,-0.43564107321436557,1.6349648698356394,4
1.0,0.0,0.0,1.0,1.0,0.0,0.0,0.0,1.0,0.0,-1.09606661857923,1.5598548460843513,0.9113295491028454,-1.1765385906044967,-0.9510311313316532,0.07902950546607491,1.102460994141442,-1.2742252900142526,4
1.0,0.0,0.0,1.0,1.0,0.0,0.0,0.0,0.0,1.0,-1.1303152220360424,1.123470061344199,0.49698122202308964,1.2694875852884278,-0.39382642272819923,0.07902950546607491,-0.0563830292088241,-1.2742252900142526,4
1.0,0.0,1.0,0.0,1.0,0.0,0.0,1.0,0.0,0.0,-0.6850833770974815,-1.027650230492551,-1.397182558912936,0.046474497341965605,0.41865269185028203,0.07902950546607491,0.5967836021340532,1.6349648698356394,4
1.0,0.0,1.0,0.0,1.0,0.0,0.0,0.0,0.0,1.0,0.6035203279650837,-0.6939442186324346,-1.0420268499874314,0.046474497341965605,0.873880940625592,0.07902950546607491,1.4185093641460598,0.1803697899106933,2
1.0,0.0,0.0,1.0,1.0,0.0,0.0,0.0,1.0,0.0,-0.8520453189494418,-0.7606854210044578,0.08263289494333396,0.046474497341965605,1.4064246752836778,0.07902950546607491,0.13324599279394686,0.1803697899106933,3
1.0,0.0,1.0,0.0,1.0,0.0,0.0,0.0,1.0,0.0,1.1429358324098784,-0.9609090281205276,-1.397182558912936,-1.1765385906044967,-0.3578347310241484,-1.2381289189685056,0.5967836021340532,0.1803697899106933,4
0.0,1.0,0.0,1.0,1.0,0.0,0.0,0.0,0.0,1.0,-0.8606074698136449,-0.755551482360456,0.5561738401773402,0.046474497341965605,-1.1836441017893151,-1.2381289189685056,-0.24601205121159458,0.1803697899106933,1
1.0,0.0,0.0,1.0,1.0,0.0,0.0,1.0,0.0,0.0,-0.9847586573445898,-0.7709532982924614,-1.456375177067187,1.2694875852884278,0.5406245359584544,0.07902950546607491,0.07003631879302322,1.6349648698356394,3
1.0,0.0,0.0,1.0,0.0,0.0,1.0,0.0,1.0,0.0,0.6334878559897943,-1.022516291848549,0.5561738401773402,1.2694875852884278,-0.3231760649387661,-1.2381289189685056,-0.6463399865507775,1.6349648698356394,3
1.0,0.0,1.0,0.0,0.0,1.0,0.0,0.0,1.0,0.0,0.2267856899401474,-1.022516291848549,-0.7460637592161774,-1.1765385906044967,-1.2356321009173887,0.07902950546607491,1.1446007768087243,-1.2742252900142526,3
1.0,0.0,1.0,0.0,0.0,0.0,1.0,1.0,0.0,0.0,1.3998003583359708,-0.9403732735445205,0.20101813125183535,1.2694875852884278,0.21336674657532534,1.3961879299006554,-0.9413184652217543,0.1803697899106933,2
0.0,1.0,0.0,1.0,1.0,0.0,0.0,1.0,0.0,0.0,1.5796055264842357,-0.8325605620204829,0.615366458331591,0.046474497341965605,0.8218929414975185,1.3961879299006554,-0.3513615078798007,0.1803697899106933,1
0.0,1.0,1.0,0.0,1.0,0.0,0.0,1.0,0.0,0.0,-1.1003476940113315,-0.8376945006644847,-0.03575234136516776,1.2694875852884278,-0.42581903757624445,1.3961879299006554,-1.2784367265600136,-1.2742252900142526,4
1.0,0.0,0.0,1.0,1.0,0.0,0.0,0.0,0.0,1.0,-1.121753071171839,-1.0019805372725419,0.023440276789083104,-1.1765385906044967,-1.3736002524495836,-1.2381289189685056,-1.3837861832282194,-1.2742252900142526,4
1.0,0.0,0.0,1.0,1.0,0.0,0.0,1.0,0.0,0.0,0.28672074598956926,1.0361931043961687,1.621640966953855,0.046474497341965605,-0.3978254995842049,1.3961879299006554,-1.2784367265600136,-1.2742252900142526,2
0.0,1.0,1.0,0.0,1.0,0.0,0.0,1.0,0.0,0.0,0.6506121577182005,-0.8479623779524883,0.7929443127943436,0.046474497341965605,-1.2083050757346834,-1.2381289189685056,-1.3837861832282194,1.6349648698356394,4
1.0,0.0,0.0,1.0,1.0,0.0,0.0,1.0,0.0,0.0,-1.1388773729002453,1.0156573498201615,0.8521369309485944,1.2694875852884278,-0.366499397545494,-1.2381289189685056,0.870692189471389,-1.2742252900142526,3
1.0,0.0,1.0,0.0,0.0,1.0,0.0,0.0,0.0,1.0,-1.0275694116656053,1.0567288589721757,0.6745590764858419,-1.1765385906044967,-0.41848739667356744,0.07902950546607491,0.6178534934676944,0.1803697899106933,4
1.0,0.0,1.0,0.0,1.0,0.0,0.0,0.0,0.0,1.0,-1.1089098448755346,1.5085154596443333,-1.456375177067187,-1.1765385906044967,1.0645036040951945,0.07902950546607491,0.2596653407957942,0.1803697899106933,2
0.0,1.0,1.0,0.0,1.0,0.0,0.0,0.0,0.0,1.0,-1.0618180151224177,-1.0892574942205724,1.7400262032623566,0.046474497341965605,1.2971165745528566,-1.2381289189685056,1.397439472812419,0.1803697899106933,3
1.0,0.0,1.0,0.0,1.0,0.0,0.0,0.0,0.0,1.0,-0.9291046767272697,-1.099525371508576,1.7400262032623566,0.046474497341965605,-0.3978254995842049,0.07902950546607491,1.4606491468133422,0.1803697899106933,1
1.0,0.0,1.0,0.0,1.0,0.0,0.0,0.0,0.0,1.0,-0.9933208082087929,1.005389472532158,0.9705221672570962,1.2694875852884278,1.1198241672699394,-1.2381289189685056,0.3018051234630766,0.1803697899106933,2
0.0,1.0,0.0,1.0,1.0,0.0,0.0,0.0,1.0,0.0,-1.0660990905545191,-1.0892574942205724,-1.1012194681416823,1.2694875852884278,1.3777646244823039,-1.2381289189685056,1.6292082774824719,-1.2742252900142526,4
1.0,0.0,1.0,0.0,1.0,0.0,0.0,0.0,0.0,1.0,1.4126435846322756,0.9591840247361418,-1.397182558912936,-1.1765385906044967,1.4904052892597963,-1.2381289189685056,-0.11959270320974776,0.1803697899106933,2
1.0,0.0,1.0,0.0,0.0,1.0,0.0,0.0,0.0,1.0,-1.057536939690316,1.3288276071042706,1.2664852580283499,1.2694875852884278,-0.4064901661055505,0.07902950546607491,-1.2784367265600136,-1.2742252900142526,4
0.0,1.0,0.0,1.0,1.0,0.0,0.0,0.0,0.0,1.0,0.39802870722420935,1.0926664294801884,1.4440631124911023,1.2694875852884278,-1.2156367166373605,-1.2381289189685056,-1.3837861832282194,-1.2742252900142526,2
1.0,0.0,0.0,1.0,1.0,0.0,0.0,1.0,0.0,0.0,-1.0660990905545191,-0.8479623779524883,0.20101813125183535,1.2694875852884278,0.22869654119001367,1.3961879299006554,-0.5199206385489304,0.1803697899106933,3
1.0,0.0,0.0,1.0,1.0,0.0,0.0,1.0,0.0,0.0,-1.04041263796191,1.000255533888156,-1.3379899407586855,1.2694875852884278,-0.4091562173428876,1.3961879299006554,0.11217610146030564,-1.2742252900142526,3
0.0,1.0,1.0,0.0,0.0,0.0,1.0,0.0,0.0,1.0,-1.0832233922829253,1.3390954843922742,0.7337516946400927,0.046474497341965605,-0.37049847440149963,0.07902950546607491,0.34394490613035905,0.1803697899106933,4
0.0,1.0,0.0,1.0,1.0,0.0,0.0,0.0,0.0,1.0,-1.0275694116656053,-0.07273764270821798,0.023440276789083104,0.046474497341965605,-0.4084897045335533,-1.2381289189685056,-1.004528139222678,0.1803697899106933,4
0.0,1.0,0.0,1.0,0.0,1.0,0.0,0.0,1.0,0.0,-1.0917855431471284,-1.094391432864574,0.8521369309485944,1.2694875852884278,1.4184219058516947,-1.2381289189685056,-1.362716291894578,0.1803697899106933,0
1.0,0.0,0.0,1.0,1.0,0.0,0.0,1.0,0.0,0.0,0.8689470047553792,0.9335143315161328,0.14182551309758482,1.2694875852884278,-0.7864024674260872,0.07902950546607491,-0.0563830292088241,0.1803697899106933,3
0.0,1.0,1.0,0.0,1.0,0.0,0.0,0.0,0.0,1.0,1.1429358324098784,-0.9557750894765259,0.9113295491028454,0.046474497341965605,1.1564823717833246,0.07902950546607491,0.5546438194667708,0.1803697899106933,2
1.0,0.0,1.0,0.0,1.0,0.0,0.0,0.0,1.0,0.0,0.6420500068539976,0.9643179633801436,0.5561738401773402,1.2694875852884278,-0.487804728844332,-1.2381289189685056,-0.9834582478890368,0.1803697899106933,4
1.0,0.0,0.0,1.0,1.0,0.0,0.0,0.0,0.0,1.0,1.733724242039891,0.3995847125399467,0.7929443127943436,0.046474497341965605,1.1804768329193585,1.3961879299006554,1.0813911028078007,0.1803697899106933,2
1.0,0.0,0.0,1.0,0.0,0.0,1.0,1.0,0.0,0.0,-1.057536939690316,-1.0635878010005635,0.9113295491028454,-1.1765385906044967,-0.8597188764528575,1.3961879299006554,1.0813911028078007,0.1803697899106933,4
1.0,0.0,1.0,0.0,0.0,1.0,0.0,0.0,1.0,0.0,1.8279079015461255,-1.1097932487965796,1.5032557306453531,1.2694875852884278,-0.40982273015222187,-1.2381289189685056,0.34394490613035905,-1.2742252900142526,3
1.0,0.0,0.0,1.0,1.0,0.0,0.0,0.0,1.0,0.0,-0.9076992995667619,-1.022516291848549,0.8521369309485944,1.2694875852884278,-0.38049616654151375,-1.2381289189685056,-1.362716291894578,0.1803697899106933,0
0.0,1.0,1.0,0.0,0.0,0.0,1.0,0.0,0.0,1.0,0.6720175348787081,-0.7144799732084417,0.9113295491028454,1.2694875852884278,-0.36516637192682544,0.07902950546607491,0.40715458013128225,0.1803697899106933,4
0.0,1.0,1.0,0.0,0.0,0.0,1.0,1.0,0.0,0.0,-1.0660990905545191,1.5701227233723547,-0.03575234136516776,-1.1765385906044967,1.4610787256490883,1.3961879299006554,-1.3837861832282194,0.1803697899106933,1
0.0,1.0,0.0,1.0,0.0,1.0,0.0,0.0,1.0,0.0,1.5924487527805404,0.8051658654160881,-1.2787973226044347,0.046474497341965605,1.0345105276751523,0.07902950546607491,-0.9834582478890368,1.6349648698356394,0
1.0,0.0,1.0,0.0,1.0,0.0,0.0,0.0,1.0,0.0,1.4982650932743067,-0.7914890528684686,0.49698122202308964,1.2694875852884278,1.370432983579627,-1.2381289189685056,-0.33029161654615946,0.1803697899106933,4
1.0,0.0,0.0,1.0,1.0,0.0,0.0,0.0,0.0,1.0,-1.0703801659866206,-1.1097932487965796,0.615366458331591,0.046474497341965605,0.40265638442625945,-1.2381289189685056,-0.604200203883495,-1.2742252900142526,3
1.0,0.0,1.0,0.0,1.0,0.0,0.0,0.0,1.0,0.0,-0.9590722047519804,1.4623100118483172,-1.397182558912936,-1.1765385906044967,1.3137793947862135,0.07902950546607491,0.5125040367994883,0.1803697899106933,4
0.0,1.0,0.0,1.0,1.0,0.0,0.0,0.0,0.0,1.0,-1.0746612414187222,1.3082918525282634,1.3848704943368515,-1.1765385906044967,-0.38249570496951657,1.3961879299006554,-1.362716291894578,-1.2742252900142526,4
0.0,1.0,0.0,1.0,1.0,0.0,0.0,1.0,0.0,0.0,0.9802549659900196,-1.0892574942205724,1.5624483487996041,1.2694875852884278,-0.9810242077516956,0.07902950546607491,-1.2573668352263723,0.1803697899106933,3
1.0,0.0,0.0,1.0,1.0,0.0,0.0,1.0,0.0,0.0,-1.0703801659866206,-0.5553278752443862,0.5561738401773402,-1.1765385906044967,-0.4044906276775477,-1.2381289189685056,-1.362716291894578,-1.2742252900142526,3
1.0,0.0,0.0,1.0,1.0,0.0,0.0,0.0,1.0,0.0,0.9203199099405978,-0.586131507108397,0.3785959857145879,1.2694875852884278,-0.08923006886243555,0.07902950546607491,-1.2784367265600136,1.6349648698356394,1
1.0,0.0,0.0,1.0,1.0,0.0,0.0,0.0,1.0,0.0,-0.5780564912949429,-0.9198375189685133,-1.456375177067187,0.046474497341965605,-1.311614561181496,0.07902950546607491,0.8074825154704653,1.6349648698356394,3
0.0,1.0,0.0,1.0,1.0,0.0,0.0,0.0,0.0,1.0,-0.3297541162330534,0.9232464542281292,-0.39090805029067255,0.046474497341965605,1.3904283678596552,0.07902950546607491,1.5027889294806247,1.6349648698356394,4
0.0,1.0,1.0,0.0,1.0,0.0,0.0,0.0,0.0,1.0,-1.0618180151224177,1.5393190915083441,1.029714785411347,-1.1765385906044967,-1.3249448173681815,-1.2381289189685056,-1.3416464005609372,1.6349648698356394,4
0.0,1.0,0.0,1.0,1.0,0.0,0.0,0.0,0.0,1.0,1.8407511278424298,-0.5655957525323898,0.7929443127943436,1.2694875852884278,0.1740424908246031,0.07902950546607491,0.4914341454658471,-1.2742252900142526,3
0.0,1.0,1.0,0.0,1.0,0.0,0.0,1.0,0.0,0.0,1.0016603431505273,1.0105234111761596,-1.456375177067187,1.2694875852884278,0.8372227361122068,1.3961879299006554,1.2710201248105717,0.1803697899106933,4
1.0,0.0,0.0,1.0,0.0,1.0,0.0,1.0,0.0,0.0,1.6010109036447433,-0.9660429667645294,0.49698122202308964,-1.1765385906044967,0.4713072037876898,-1.2381289189685056,-1.3837861832282194,-1.2742252900142526,3
1.0,0.0,0.0,1.0,1.0,0.0,0.0,0.0,0.0,1.0,0.8518227030269729,-1.0584538623565616,0.8521369309485944,0.046474497341965605,0.09339444089515582,0.07902950546607491,-1.3416464005609372,1.6349648698356394,3
1.0,0.0,0.0,1.0,1.0,0.0,0.0,1.0,0.0,0.0,0.7062661383355205,-0.8736320711724972,0.31940336756033705,1.2694875852884278,-0.36183380788015407,0.07902950546607491,-0.09852281187610654,0.1803697899106933,4
0.0,1.0,1.0,0.0,1.0,0.0,0.0,1.0,0.0,0.0,0.6120824788292866,0.9643179633801436,-1.0420268499874314,-1.1765385906044967,1.4810741099291165,0.07902950546607491,0.7864126241368241,0.1803697899106933,4
0.0,1.0,1.0,0.0,1.0,0.0,0.0,1.0,0.0,0.0,1.5496379984595252,-0.8838999484605008,-1.456375177067187,0.046474497341965605,1.2804537543194998,0.07902950546607491,-0.8991786825544719,-1.2742252900142526,4
1.0,0.0,0.0,1.0,1.0,0.0,0.0,0.0,0.0,1.0,0.5307420456193571,-0.9198375189685133,0.7337516946400927,-1.1765385906044967,-1.1136602568092162,0.07902950546607491,0.6810631674686181,-1.2742252900142526,4
0.0,1.0,1.0,0.0,1.0,0.0,0.0,0.0,1.0,0.0,0.06410482352028872,-0.9403732735445205,-1.456375177067187,0.046474497341965605,-1.364935585928238,0.07902950546607491,0.5335739281331295,-1.2742252900142526,0
0.0,1.0,0.0,1.0,0.0,1.0,0.0,1.0,0.0,0.0,-0.6123050947517552,0.26610230779590016,-1.397182558912936,0.046474497341965605,-1.2369651265360573,0.07902950546607491,-0.4988507472152892,-1.2742252900142526,1
0.0,1.0,0.0,1.0,1.0,0.0,0.0,0.0,0.0,1.0,-0.7921102629000202,-0.9249714576125151,0.615366458331591,-1.1765385906044967,-1.1889762042639893,0.07902950546607491,-1.3416464005609372,-1.2742252900142526,1
0.0,1.0,0.0,1.0,0.0,0.0,1.0,0.0,0.0,1.0,1.6266973562373528,-1.099525371508576,1.4440631124911023,-1.1765385906044967,1.1951401147247125,0.07902950546607491,-0.8148991172199073,-1.2742252900142526,2
1.0,0.0,0.0,1.0,1.0,0.0,0.0,1.0,0.0,0.0,0.7662011943849424,0.9745858406681471,-1.3379899407586855,0.046474497341965605,1.0984957573712426,-1.2381289189685056,-1.3416464005609372,1.6349648698356394,1
0.0,1.0,1.0,0.0,1.0,0.0,0.0,1.0,0.0,0.0,-0.09001389203536685,0.9181125155841274,0.14182551309758482,-1.1765385906044967,-0.6377701109445439,0.07902950546607491,0.07003631879302322,-1.2742252900142526,4
0.0,1.0,1.0,0.0,0.0,0.0,1.0,0.0,0.0,1.0,-1.0746612414187222,0.9899876566001525,0.7929443127943436,1.2694875852884278,-1.117659333665222,-1.2381289189685056,0.21752555812851174,0.1803697899106933,0
1.0,0.0,0.0,1.0,1.0,0.0,0.0,0.0,0.0,1.0,0.5949581771008804,-0.7606854210044578,0.2602107494060862,-1.1765385906044967,-0.41782088386423316,1.3961879299006554,1.207810450809648,1.6349648698356394,4
