standardization__V1,standardization__V2,standardization__V3,Class
-0.6136560016541669,-1.0155881311563337,1.896505292167906,3
-0.15306733848648746,-1.4856727124796603,3.3044218883288274,4
-0.19558321508658094,-1.5775689464225662,2.824732831814999,4
0.16225874629753922,-1.004984719547537,1.2198890346014881,3
-0.5286242484539799,-0.3051595533669459,2.007238075120874,3
-0.3408457934702337,-1.6305860044665503,3.122604762297155,4
0.08076998281402671,-1.1887771874333488,0.4456527603358856,3
-1.3009960066890116,0.44768267085762936,0.08874236760040528,3
-1.559634256006247,-0.7010202534286945,1.400329134091844,3
-1.4214576570559432,-0.7363649587913506,1.2422191947309227,3
0.6157614300318698,-1.5811034169588316,2.2646676044797185,3
-0.7270316725877495,-1.6023102401764253,1.6639118631308,0
-0.025519708686207,-1.6517928276841438,0.06690843325162321,0
0.8283408130323372,-1.6447238866116127,-0.16639211752291444,0
1.632599478717439,-1.6517928276841438,-1.036325533587664,0
-1.5702632251562703,-1.6341204750028158,-0.28955535628126866,0
0.4138110161814257,-1.6341204750028158,-0.918323042948113,0
-1.010470849921706,-1.6129136517852223,0.9480069293810913,0
1.0232052474494324,-1.6270515339302847,-0.6955921013015077,0
-1.2513941506555692,-1.623517063394019,-1.0657765336694869,0
1.664486386167509,-1.6164481223214877,-0.7445943971411029,0
-0.5782261044874223,-1.6093791812489566,-1.012990516252404,0
0.11265689026409684,-1.5917068285676286,0.5440295213505668,0
-0.07157857500297495,-1.5917068285676286,1.3837924099515462,0
1.3597892705335057,-1.5987757696401597,-0.6831120229180564,0
0.8354267924656861,-1.5104140062335194,1.6100217433517616,0
1.0232052474494324,-1.5492931821324412,-0.0790439744832715,0
-0.8687512612547278,-1.5492931821324412,-0.03397426795536046,0
-0.684515795987656,-1.5210174178423164,0.49023864672765943,0
1.462535972317065,-1.5245518883785818,0.1382781061542031,0
-0.5427962073206778,-1.5033450651609883,2.221061764004738,0
1.228698651016551,-1.3761041258554263,0.6854786801260253,0
0.47049885164821703,-1.5033450651609883,-1.0750187388341699,0
0.2898063760978197,-1.4927416535521913,-0.33130035007879716,0
0.9877753502826878,-1.4750693008708633,1.986644705223728,0
1.62551349928409,-1.4008454196092854,1.2714841101449998,0
-1.513575389689479,-1.4538624776532696,-1.0812587780258953,0
-0.7943484772045643,-1.4397245955082072,-0.09474952044097448,0
-1.1769913666054057,-1.3831730669279574,1.375058836212033,0
-1.3895707496058731,-1.404379890145551,1.4921929317354392,0
-0.4187915672370717,-1.4149833017543478,-0.593766571111281,0
1.0586351446161768,-1.4008454196092854,1.0116354801054661,0
0.9913183399993623,-1.4008454196092854,-0.3275662510793749,0
1.3881331882669015,-1.3761041258554263,-0.6170395602239594,0
-0.6561718782542604,-1.369035184782895,-0.12908834446224,0
-1.8041005464567845,-1.3761041258554263,-0.8167456256482128,0
-0.3833616700703272,-1.3407594204927702,-0.6729518000591637,0
-1.6482089989231083,-1.3301560088839732,-0.3936635250625046,0
1.579454632967322,-1.2559321276223954,0.9880151329463307,0
-0.6809728062709816,-1.2806734213762547,-0.267758638866036,0
-1.8324444641901803,-1.2630010686949267,0.8775304628836884,0
-0.4471354849704674,-1.2311908338685362,0.3620139050066329,0
1.044463185749479,-1.2665355392311923,-0.9007194333794077,0
-0.29478692715346577,-1.2453287160135986,0.1832361618814672,0
0.3712951395813322,-1.2488631865498643,-0.21451361260184798,0
1.3314453528001102,-1.2276563633322706,-0.916015593068071,0
0.8425127718990351,-1.1993805990421456,-0.4403583710220578,0
-1.8395304436235291,-1.1887771874333488,-0.5196676564151034,0
1.3066444247833888,-1.1993805990421456,-1.0689027560876074,0
1.1188659697996426,-1.1640358936794895,-0.7378829434577556,0
-0.43650651582044403,-1.149898011534427,-0.03679034926057234,0
-0.3160448654535125,-1.149898011534427,-0.9397599966723713,0
-0.9892129116216594,-1.1286911883168333,-1.0055471295425922,0
-0.7447466211711218,-1.1110188356355053,0.782577659755522,0
-0.2062121842366043,-1.1286911883168333,-0.9110409296170136,0
1.1968117435664807,-1.114553306171771,1.9998815279226774,0
1.6609433964508347,-1.1074843650992396,0.018464391415264167,0
0.8602277204824073,-1.0827430713453805,0.31923924271424703,0
1.377504219116878,-1.0438638954464587,0.7801461534303171,0
1.0196622577327579,-1.0756741302728492,-0.8319797571142946,0
0.36420916014798327,-1.0721396597365835,-1.056422677704156,0
0.4917567899482638,-1.05093283651899,-1.0346135546444075,0
1.0621781343328514,-1.004984719547537,1.567023779458082,0
-0.20266919451992987,-1.0120536606200683,-0.41460425300610837,0
0.33232225269791316,-1.0085191900838026,-0.7031347331674505,0
1.0019473091493856,-0.9767089552574121,-0.05428230802863059,0
-0.893552189271449,-0.9943813079387401,-0.7643938057892024,0
-0.14598135905313855,-0.9767089552574121,-0.42562046533662995,0
1.508594838633833,-0.9661055436486152,0.2186790882646882,0
1.6538574170174858,-0.9625710731123497,-0.7950109364555623,0
-1.2230502329221735,-0.9166229561408967,-0.6156377223936118,0
-0.35147476262025706,-0.8423990748793189,4.183845622448587,0
0.3394082321312621,-0.9448987204310216,-0.23413934222671903,0
-1.7970145670234356,-0.8989506034595687,-0.18588138505810514,0
-0.4931943512872354,-0.9201574266771623,-0.28966700708191556,0
1.3668752499668546,-0.9236918972134279,-0.6475698513787045,0
1.4448210237336927,-0.8883471918507718,1.4641437694839652,0
0.9700604016993155,-0.8848127213145062,-0.5331153750708306,0
-0.9892129116216594,-0.9060195445320999,-0.9093413563182732,0
-0.149524348769813,-0.9060195445320999,-0.8203680738469881,0
1.5050518489171585,-0.8989506034595687,-0.8760570120808978,0
-0.06803558528630049,-0.8706748391694438,-0.8374630519905226,0
1.5192238077838565,-0.8636058980969126,-0.6807053278818842,0
0.803539885015616,-0.8282611927342565,1.330820307866717,0
-1.8359874539068546,-0.8530024864881157,-0.7121784480198724,0
-0.5392532176040034,-0.8353301338067877,0.4634424545723366,0
1.1153229800829683,-0.8176577811254596,1.666281341233424,0
-0.17078228706985973,-0.8353301338067877,-0.27409792321389226,0
-1.11676054142194,-0.8176577811254596,-0.16600754254290745,0
-1.3399688935724305,-0.785847546299069,0.425940191199401,0
0.8460557616157095,-0.7575717820089442,-0.6354743479752608,0
-0.09283651330302169,-0.7398994293276161,0.17699612268974185,0
1.3420743219501334,-0.7575717820089442,-0.15994118237441052,0
-1.1132175517052654,-0.722227076646288,0.8803837611224504,0
-1.7899285875900868,-0.7469683704001473,-1.0556535277441421,0
1.292472465916691,-0.6303308427033821,2.9521263953534294,0
-0.7908054874878898,-0.7257615471825537,-0.17591965251147357,0
-0.5073663101539332,-0.7292960177188192,-0.5044459305935384,0
0.14808678743084142,-0.7328304882550849,-0.8007547498666338,0
-1.8324444641901803,-0.6974857828924288,1.2403459424089531,0
0.8318838027490116,-0.6974857828924288,1.1939612375623094,0
-1.2939100272556627,-0.6974857828924288,0.22824384018679678,0
-0.312501875736838,-0.6974857828924288,-0.61622078768588,0
1.3633322602501803,-0.6974857828924288,-1.0866180164569597,0
0.9523454531159432,-0.6621410775297727,-0.5252501964474624,0
0.15162977714751585,-0.5702448435868668,0.8759301347410796,0
-1.4568875542226878,-0.640934254312179,-0.05402178949378726,0
-1.3364259038557562,-0.5702448435868668,2.382558444318623,0
-0.10700847216971952,-0.6126584900220541,-0.8481815288526522,0
-0.4294205363870951,-0.6161929605583197,-0.7509088701999265,0
-0.599484042787469,-0.577313784659398,0.3399566690565569,0
0.8070828747322905,-0.6091240194857885,-0.9684914693722451,0
0.9558884428326176,-0.5985206078769917,-0.25954610219621027,0
-1.1628194077387077,-0.5914516668044605,-0.41327684904285894,0
-1.4214576570559432,-0.5879171962681948,-0.6427316500173267,0
-1.5525482765728982,-0.5843827257319292,-0.9818771598053901,0
-0.07157857500297495,-0.5702448435868668,-0.31058292373648727,0
-0.27352898885341903,-0.5631759025143356,0.44964737787015185,0
1.2357846304498998,-0.5455035498330075,0.7888921328143456,0
-1.5383763177062002,-0.531365667687945,0.08732812412554097,0
1.5688256638172988,-0.5490380203692731,-0.8195244900198759,0
-0.5179952793039565,-0.513693315006617,-0.44675968359249624,0
-0.9821269321883105,-0.5101588444703514,-0.37216454311566405,0
-0.31958785517018695,-0.32636637658453954,1.258433372113797,0
1.4908798900504607,-0.38291790516478935,2.5529747830397667,0
-1.8324444641901803,-0.4571417864263672,0.6315141264798888,0
-0.900638168704798,-0.4324004926725079,-0.13094919113969344,0
0.718508131815429,-0.42179708106371105,-0.3123321196132931,0
0.8425127718990351,-0.41472813999117986,-0.5133407777117632,0
-1.4037427084725709,-0.37584896409225815,-0.11797288697558812,0
-1.1982493049054523,-0.38291790516478935,-0.7673711604731274,0
0.18351668459758597,-0.3687800230197269,0.16434236528306137,0
0.307521324681192,-0.37584896409225815,-0.6778272183540902,0
1.0621781343328514,-0.35817661141093005,1.5822827222131959,0
0.8283408130323372,-0.35464214087466445,0.07009668389232607,0
-1.21242126377215,-0.3299008471208052,-0.7159001413747779,0
-0.8900091995547745,-0.32636637658453954,-0.6533384760788092,0
0.37838111901468113,-0.3299008471208052,-1.0808617974013723,0
1.3527032911001569,-0.28041825961308664,0.6815833077478907,0
0.3890100881647045,-0.28041825961308664,-0.09791295979264461,0
1.0161192680160833,-0.28041825961308664,-0.438993750125259,0
-0.11055146188639398,-0.26274590693175853,0.9332566180511475,0
1.1897257641331318,-0.2486080247866961,0.978375947157124,0
-0.36210373177028043,-0.26274590693175853,-0.7772088365745953,0
0.8495987513323839,-0.10016026226354043,0.9739471320647852,0
1.0267482371661067,-0.1531773203075246,0.6905401830886977,0
0.33586524241458765,-0.19559096674271192,-1.0034133586857794,0
1.5865406124006711,-0.1814530845976495,0.5846207902080744,0
-0.15306733848648746,-0.17438414352511827,-1.0500833933562999,0
-0.18495424593655757,-0.15671179084379022,0.42889273459429256,0
-0.3302168243202103,-0.149642849771259,-0.5058601740684027,0
0.18705967431426043,-0.14610837923499337,-1.0311275685353118,0
-0.8262353846546343,-0.1249015560173997,-0.9625367600043958,0
-0.691601775421005,-0.06835002743714992,-0.19793967152800007,0
-0.18141125621988313,-0.043608733683290636,0.7949336816938097,0
-0.3408457934702337,0.2108731449278334,3.345149619276015,0
0.9842323605660133,-0.07895343904594676,-0.7494325985024807,0
1.1578388566830617,-0.07541896850968115,-0.7487130711205321,0
-1.3151679655557094,-0.022401910465696968,-0.059951687572603815,0
-0.8829232201214257,-0.02593638100196258,-0.7770847801294316,0
-0.48610837185388645,-0.015332969393165745,1.2321954339617103,0
0.9700604016993155,-0.008264028320634522,-0.1489125643993729,0
-0.6526288885375859,0.009408324360693535,1.014612834789391,0
-0.9041811584214724,0.030615147578287205,-0.5209330321557714,0
-0.4931943512872354,0.030615147578287205,-1.0406675091683877,0
-1.6056931223230149,0.03768408865081843,-0.8011269192021241,0
0.8921146279324774,0.05182197079588088,-0.5782222985322905,0
1.56173968438395,0.04475302972334965,-0.9743097166504147,0
-0.12118043103641735,0.11897691098492749,0.547986921951283,0
0.9948613297160367,0.06242538240467771,-0.9405911748549668,0
-0.8900091995547745,0.07656326454974016,-0.7410711940984586,0
1.0019473091493856,0.12958032259372432,-0.20874498790174384,0
-0.8652082715380534,0.14371820473878677,0.15636553585904622,0
1.4554499928837161,0.1225113815211931,-0.9708857587639013,0
0.8425127718990351,0.16139055742011482,-0.27934551084430975,0
1.4341920545836693,0.18613185117397413,-0.9606262907488768,0
0.6901642140820333,0.23914890921795828,1.5471747482319163,0
0.9452594736825943,0.2992349083344737,0.3467921791850671,0
-0.036148677836230374,0.28156255565314564,0.3467053396734529,0
0.10557091083074792,0.2674246735080832,-0.5529395950079629,0
0.9665174119826411,0.2638902029718176,-1.0102612744588064,0
-0.684515795987656,0.3027693788707393,0.26226011745063676,0
-0.13889537961978962,0.28156255565314564,-0.9496721066409375,0
-1.6127791017563637,0.32397620208833294,-0.5088251231078109,0
0.7078791626654056,0.3310451431608642,0.5126060237906441,0
-0.5640541456207245,0.34164855476966105,-0.2691728823409003,0
-0.08575053386967277,0.34871749584219225,-0.4900925998881175,0
0.10557091083074792,0.3663898485235203,-0.10677058997732068,0
-1.017556829355055,0.3946656128136452,-0.10307370791144788,0
-0.4506784746871419,0.4264758476400357,0.5250364795960301,0
-0.17786826650320867,0.4936307878290823,0.8563044051162093,0
1.0338342165994556,0.4300103181763013,0.4931415675444855,0
-0.599484042787469,0.4264758476400357,-0.9826835266989529,0
0.06659802394732889,0.45121714139389496,-0.5090360190645888,0
-0.8333213640879833,0.5254410226554729,0.9909428650521903,0
-0.44359249525379296,0.5113031405104104,-0.7729040779274209,0
-0.6668008474042838,0.5183720815829416,-0.4328033335115984,0
0.5484446254150551,0.5289754931917384,-1.015025041953086,0
0.7078791626654056,0.5466478458730665,0.379332184751462,0
1.065721124049526,0.5501823164093321,-0.9507638033583762,0
1.0373772063161302,0.5819925512357226,-0.5985923668281428,0
0.920458545665873,0.6279406682071755,0.5512372008145681,0
-0.358560742053606,0.5925959628445194,-1.0087353801832943,0
-0.3302168243202103,0.6102683155258475,-0.5385614530135092,0
-0.08220754415299832,0.6102683155258475,-0.722822491014903,0
-0.5038233204372587,0.6456130208885036,0.2860417379884858,0
-0.37981868035365274,0.6562164324973004,-0.930542602796721,0
0.5590735945650784,0.6632853735698316,-0.857560196107015,0
-1.0281857985050784,0.6844921967874253,-0.03702605650638364,0
0.08785596224737563,0.6844921967874253,-0.3186714039611494,0
-0.4223345569537462,0.7693194896578001,2.4588407524496785,0
0.9913183399993623,0.7127679610775502,0.5166006413249098,0
1.6113415404173923,0.7092334905412846,-1.061149228264887,0
0.5909605020151486,0.7551816075127376,1.4756189906615913,0
0.09494194168072455,0.7375092548314095,-0.8880656759727272,0
-0.5144522895872821,0.7728539601940656,0.1013340967845036,0
0.7078791626654056,0.8435433709193779,-0.005639775880009707,0
1.1153229800829683,0.8435433709193779,0.8464419177257072,0
-0.16015331791983636,0.8294054887743154,-0.5027091403612486,0
-0.5321672381706544,0.861215723600706,0.5834050370454713,0
0.8460557616157095,0.8647501941369715,-0.5867945988930904,0
0.9700604016993155,0.8647501941369715,-0.41060963547184276,0
-0.4223345569537462,0.8718191352095027,-1.0761228411961254,0
-0.13889537961978962,0.8718191352095027,-1.0358044965179771,0
0.1906026640309349,0.8930259584270964,0.7555333547098718,0
-0.8404073435213322,0.9106983111084245,-0.5167771412427934,0
-0.5711401250540734,1.0626805441678457,2.4831558157017315,0
0.8425127718990351,0.9213017227172213,-0.21889280511612122,0
1.2038977229998296,0.9213017227172213,-0.173364089741105,0
0.3712951395813322,0.9283706637897525,-0.07722034473936748,0
-0.43650651582044403,0.9743187807612055,1.2552079045395448,0
-0.16015331791983636,0.942508545934815,-1.0528126351498976,0
0.222489571481005,0.9495774870073462,-0.3562108842676344,0
0.718508131815429,0.9566464280798774,-0.8363093270505016,0
-0.9821269321883105,0.9672498396886743,0.3951245702207792,0
-0.8652082715380534,0.9672498396886743,-0.7147464164347569,0
0.8602277204824073,0.9919911334425335,0.8210847803342821,0
0.24020452006437729,1.0379392504139866,0.5828839999757846,0
-0.06449259556962603,1.034404779877721,1.7515205247052863,0
-1.2797380683889648,1.006129015587596,-0.9359638694503669,0
-0.29478692715346577,1.0131979566601272,-0.435234839836804,0
1.3243593733667611,1.0909563084579708,2.2106038056774517,0
-1.0388147676551018,1.1050941906030332,2.21516908285947,0
1.1932687538498064,1.0202668977326586,-0.9387055168884813,0
1.3349883425167846,1.0273358388051896,-0.8805974779738828,0
1.2180696818665275,1.034404779877721,-0.4928466529707479,0
-1.6056931223230149,1.0450081914865177,-0.8558234058747258,0
-0.25935702998672117,1.1050941906030332,0.6746857693967983,0
0.764566998132197,1.087421837921705,-0.8349323005091869,0
-0.7093167240043773,1.11569760221183,-0.8197601972656865,0
0.2543764789310751,1.1475078370382206,-0.4443405829118074,0
0.29334936581449417,1.1404388959656893,-0.839931775249277,0
0.7787389569988948,1.1475078370382206,-0.4775256819930519,0
-0.23101311225332552,1.1545767781107517,-1.0189948481983186,0
0.8354267924656861,1.179318071864611,-0.04397321743554147,0
1.3597892705335057,1.186387012937142,-0.266307178457623,0
0.7433090598321502,1.2040593656184702,-0.6270757266376892,0
0.29334936581449417,1.2146627772272671,-0.10763898509346559,0
0.5909605020151486,1.2005248950822047,-0.8701519252911133,0
-1.0352717779384273,1.2040593656184702,-0.8618897660432221,0
-0.6419999193875625,1.3348347754602978,1.8064403129791813,0
-0.1424383693364641,1.2358696004448608,0.9316811011975707,0
-0.46130744383716527,1.2464730120536576,-0.07080662652441302,0
1.430649064866995,1.2464730120536576,0.7383515370547225,0
0.9169155559491986,1.3136279522427041,1.249674987085252,0
-1.2195072432054992,1.2570764236624545,0.2276235579609792,0
-0.004261770386160257,1.2535419531261889,-0.9094033845408547,0
0.29334936581449417,1.2676798352712513,-1.0132138178536978,0
-0.7695475491878431,1.288886658488845,-1.051534853764713,0
0.5697025637151019,1.3277658343877667,-0.36140884931998646,0
-1.3895707496058731,1.3454381870690948,0.5168611598597531,0
-0.39399063922035055,1.3348347754602978,-0.6985446446964,0
-1.4604305439393621,1.3454381870690948,-0.3244152173722208,0
-1.0813306442551953,1.3772484218954852,0.2417908039986542,0
-1.6269510606230617,1.3949207745768133,-1.076259303285805,0
-0.8333213640879833,1.40552418618561,-0.13519192156428633,0
0.7681099878488714,1.416127597794407,1.101439940759348,0
-1.3931137393225475,1.4196620683306727,-0.0612046576687557,0
-1.4994034308227813,1.416127597794407,-1.0353578933153889,0
0.47049885164821703,1.5398340665637034,0.8820709287766747,0
1.26767153789997,1.4373344210120007,0.547986921951283,0
-0.8687512612547278,1.60698900675275,1.3465010425353878,0
0.222489571481005,1.4479378326207974,4.792374930777968e-06,0
-1.2584801300889181,1.4762135969109222,0.8985456246943917,0
0.7610240084155225,1.4691446558383912,-0.9901641303423141,0
0.7893679261489182,1.515092772809844,0.46526608431623995,0
-0.5250812587373055,1.525696184418641,0.42652325649166917,0
-1.7438697212733187,1.525696184418641,0.33924954731912443,0
0.7114221523820801,1.5469030076362347,0.19323511136164753,0
0.2508334892144007,1.525696184418641,-0.7655227194401907,0
-0.08929352358634723,1.5504374781725,-0.48448524856672576,0
1.6219705095674155,1.5645753603175627,0.5730711351633494,0
-0.43650651582044403,1.6140579478252812,0.3630683847905229,0
-1.2053352843388012,1.7483678282033746,3.5858563398268153,0
-0.16015331791983636,1.660006064796734,-0.8448816274113017,0
0.5130147282483105,1.769574651420968,0.7114436940987526,0
-1.7970145670234356,1.7766435924934993,1.2758881139483051,0
-1.0281857985050784,1.6776784174780621,-0.7885972182406079,0
1.6219705095674155,1.7130231228407182,0.6135755645092428,0
-1.3364259038557562,1.7165575933769839,-0.47915082142469406,0
-0.5853120839207713,1.75190229873964,0.7199663718814873,0
0.6972501935153823,1.7483678282033746,-0.24261239743138813,0
-0.2416420814033489,1.780178063029765,-0.061043384290043294,0
-1.4108286879059198,1.8225917094649522,-0.0006403011399195435,0
0.5909605020151486,1.7766435924934993,-1.03014752261852,0
-0.5569681661873755,1.8155227683924209,0.12504128345525448,0
1.044463185749479,1.8367295916100146,-0.05828933120741289,0
-0.2806149682867679,-1.2948113035213171,-0.15419736896333913,1
-1.364769821589152,-0.7787786052265379,2.2887469604859607,1
-0.9112671378548213,-0.47127966857142967,2.278177351358027,2
-1.18053435632208,-1.1251567177805677,2.688816590493834,2
-1.3257969347057328,-0.38291790516478935,2.0745386966220902,2
-1.4250006467726175,-0.1531773203075246,1.076442567058895,3
-0.004261770386160257,-1.1569669526069584,1.2790887702335254,2
0.19414565374760934,-0.7540373114726786,0.20426372933668585,3
0.6157614300318698,-0.276883789076821,-0.5004140961257233,2
1.4412780340170184,0.7693194896578001,1.7156061838304442,2
-0.1920402253699065,0.030615147578287205,1.1144410562124853,3
-0.2522710505533723,0.28863149672567684,2.2535521469930657,3
-0.8970951789881235,0.08716667615853699,2.183236953874377,2
-1.5702632251562703,0.08363220562227137,-0.6473465497774106,3
-1.297453016972337,0.2108731449278334,0.04566996983962668,4
-1.233679202072197,-0.17791861406138387,0.29228177718021187,3
-0.7376606417377729,1.0096634861238616,0.322712823178826,2
0.7893679261489182,0.9601808986161431,1.8061177662217565,3
1.5581966946672754,1.479748067447188,0.21194282329230824,3
-1.1628194077387077,-0.6303308427033821,-0.22557944751043504,3
-0.18141125621988313,0.20026973331903655,-1.0916919250641481,3
-1.2195072432054992,-1.6447238866116127,0.3139916550838296,0
0.14808678743084142,-1.6093791812489566,-0.16005283317505747,0
1.182639784699783,-1.623517063394019,1.0758843130556597,0
1.2960154556333656,-1.6517928276841438,-0.8912911435469796,0
1.3314453528001102,-1.6482583571478784,-0.6665504874887253,0
1.5723686535339731,-1.5563621232049725,1.7516073642169006,0
-1.1840773460387546,-1.5634310642775036,1.2359171273166158,0
0.6441053477652654,-1.5952412991038942,-0.7900114617154722,0
-1.3364259038557562,-1.5811034169588316,-1.061533803244894,0
0.6334763786152421,-1.5422242410599099,-0.19099251059884292,0
1.1897257641331318,-1.4927416535521913,-0.10379323529339639,0
0.7716529775655459,-1.4715348303345976,-0.621294696293069,0
1.3031014350667145,-1.4573969481895352,-0.6472845215548284,0
1.6148845301340666,-1.404379890145551,1.6506502291428187,0
0.47049885164821703,-1.4149833017543478,-0.6636103497383496,0
0.7999968952989416,-1.3655007142466293,-0.7917854688813107,0
-1.729697762406621,-1.3442938910290356,-0.6888558363291285,0
-0.3656467214869549,-1.3336904794202389,-0.6307105804809805,0
0.5767885431484507,-1.3372249499565045,-1.0692749254230984,0
0.47049885164821703,-1.3301560088839732,-0.654430172796248,0
0.5838745225817996,-1.2559321276223954,0.03548493569170121,0
-0.004261770386160257,-1.2736044803037234,-1.0463244830678449,0
-0.4223345569537462,-1.2630010686949267,-0.76345097680596,0
-1.761584669856691,-1.2559321276223954,-0.5433376261523055,0
0.48467081051491484,-1.2488631865498643,-1.0646104030849493,0
0.4917567899482638,-1.224121892796005,-1.0652554965997996,0
0.7787389569988948,-1.2099840106509425,-0.22435128870331658,0
-0.37981868035365274,-1.1852427168970832,-0.3438920792628955,0
-1.7013538446732253,-1.1605014231432238,-0.6605957781208759,0
0.4917567899482638,-1.1605014231432238,-1.0244161148519653,0
0.7397660701154758,-1.1216222472443023,-0.760188292298159,0
0.4952997796649382,-1.1180877767080366,-0.8986104738116276,0
-0.808520436071262,-1.05093283651899,-0.9585049255365807,0
-0.3408457934702337,-1.004984719547537,-0.4526027421596986,0
0.7610240084155225,-1.0332604838376618,0.0790907761666825,0
1.6148845301340666,-1.022657072228865,-1.068964784310189,0
1.26767153789997,-0.9448987204310216,0.08194407440544382,0
1.5971695815506943,-0.9519676615035528,-0.726965976283365,0
-1.4533445645060132,-0.8530024864881157,-0.43321271978063813,0
0.7681099878488714,-0.8388646043430532,-1.0546362648938017,0
1.26767153789997,-0.7611062525452098,0.4170329384366588,0
1.430649064866995,-0.6020550784132572,1.6260622417114061,0
-0.978583942471636,-0.7434338998638818,-0.767507622562807,0
1.3101874145000634,-0.6692100186023039,0.10147055887418328,0
0.45986988249819366,-0.5631759025143356,-0.6694906252391007,0
0.4917567899482638,-0.4960209623252889,-0.9220571419475352,0
0.46695586193154254,-0.4359349632087735,0.480090829513282,0
-0.9041811584214724,-0.41119366945491426,-0.24300937805591113,0
-0.8758372406880768,-0.37584896409225815,-0.6708304348468669,0
0.42443998533144905,-0.3723144935559925,0.04492563116864544,0
1.4200200957169715,-0.3652455524834613,-1.0263265841074836,0
1.2783005070499933,-0.23800461317789928,0.8269650558350332,0
0.6618202963486377,-0.28395273014935224,-1.0331620942359938,0
-1.435629615922641,-0.24153908371416488,-0.8641103764116491,0
0.346494211564611,-0.20265990781524315,-0.39301843154765426,0
1.065721124049526,-0.1849875551339151,0.7784341744870593,0
-1.6127791017563637,-0.20619437835150878,-0.8632047643619554,0
1.5688256638172988,-0.20265990781524315,-0.6718104807636587,0
1.5829976226839966,-0.1531773203075246,-0.9519671508764627,0
1.313730404216738,-0.1249015560173997,-0.9832665919912217,0
0.33586524241458765,-0.10369473279980604,-0.514308417984039,0
0.9771463811326644,-0.08602238011847797,0.6728125170748288,0
1.1897257641331318,-0.03653979261075942,-0.36487002414004865,0
0.35003720128128546,-0.03653979261075942,-0.8725338090382534,0
1.1684678258330852,0.009408324360693535,-0.6214435640272647,0
1.207440712716504,0.009408324360693535,-0.8276749984671202,0
-0.2912439374367913,0.04121855918708404,-0.1965378336976525,0
1.044463185749479,0.04121855918708404,-0.635561187486875,0
-0.6136560016541669,0.0907011466948026,-0.9553290805403947,0
-0.1743252767865342,0.10130455830359944,-0.9070339064382313,0
0.9488024633992688,0.1472526752750524,-0.04562316815621637,0
-0.35147476262025706,0.150787145811318,-0.4379020534078195,0
1.0692641137662002,0.1790629101014429,-0.5593036906448519,0
-1.1132175517052654,0.18613185117397413,-0.8242634462251228,0
-0.3904476495036761,0.26035573243555193,0.8370012222487637,0
-0.16369630763651083,0.3381140842333954,1.2303718042178062,0
-0.6101130119374925,0.3275106726245986,-0.7227356515032888,0
-0.30541589630348914,0.38406220120484835,-0.031108564072083105,0
-0.18141125621988313,0.41233796549497326,-0.8318184837355822,0
1.1011510212162705,0.6067338449895819,-0.9085846120027753,0
-1.2549371403722436,0.7445781959039407,0.6644014900927412,0
0.5980464814484975,0.688026667323691,-0.35598758266633984,0
1.090522052066247,0.7198369021500814,-0.4707646057316392,0
0.9629744222659665,0.7940607834116593,-0.4096295895550509,0
-0.3904476495036761,0.8753536057457684,0.49593283756066536,0
-0.8793802304047512,0.9813877218337367,0.641302180003292,0
1.409391126566948,0.9106983111084245,-0.03816737580188789,0
0.6511913271986143,0.9672498396886743,1.8575143514530077,0
0.39609606759805344,1.0909563084579708,-0.9207421436288018,0
-0.893552189271449,1.1404388959656893,-0.6126975846432363,0
-0.8191494052212854,1.143973366501955,-0.6502866875277861,0
0.33586524241458765,1.1475078370382206,-1.0847943867130563,0
-0.8687512612547278,1.271214305807517,-0.7868852392973508,0
0.8673136999157562,1.2853521879525793,0.05676061603724649,0
-0.06803558528630049,1.3206968933152354,-0.8978041069180649,0
-0.011347749819509171,1.40552418618561,-0.6357472721546201,0
0.4386119441981469,1.4550067736933288,-0.9290787367437913,0
0.9523454531159432,1.4762135969109222,-0.8647430642819833,0
1.3491603013834823,1.4762135969109222,-0.8462214370190678,0
-0.808520436071262,1.561040889781297,-0.7089777917346528,0
-1.0033848704883572,1.5999200656802188,-0.8737371565563398,0
1.3349883425167846,1.60698900675275,-0.19715811592347007,0
0.8708566896324307,1.6670750058692654,1.3474190602295981,0
0.2047746228976327,1.7907814746385617,-0.7867239659186384,0
-0.13889537961978962,1.8013848862473587,-0.9621273737353561,0
-0.8368643538046577,-0.19205649620644633,1.5206018576778881,1
-0.48610837185388645,-1.0756741302728492,2.1429682317742937,1
-1.1947063151887778,-0.4005902578461174,1.1087592710239962,1
-0.46839342327051414,-0.6197274310945853,1.3131546700754302,2
-0.4223345569537462,-0.04714320421955625,2.5027071114595043,2
-1.0529867265217996,-0.5419690792967419,0.31406608895092775,2
-0.6242849708041903,-0.831795663270522,-0.6411313218747172,2
-1.2549371403722436,-0.6303308427033821,-0.7683884233234687,3
-1.4143716776225943,-0.47481413910769527,0.9020564220925187,4
-0.7660045594711685,-0.3086940239032115,-0.298785155801435,3
0.3287792629812387,-1.1463635409981614,1.2408421681896078,2
0.307521324681192,-0.594986137340726,1.875676215024949,3
-0.057406616136277115,-0.9661055436486152,0.9042150042383642,3
0.26146245836442406,-1.0014502490112713,1.3660771495821926,3
0.36066617043130883,-0.9060195445320999,0.8306991548344556,3
-0.032605688119555915,-0.32636637658453954,2.055669711312717,3
-0.23455610196999999,0.3345796136971298,1.2164402654259419,3
-0.27352898885341903,0.5113031405104104,3.107085301007197,3
-0.7093167240043773,0.6173372565983787,1.8673272162654428,3
-1.6127791017563637,0.1825973806377085,0.37040012069968775,3
-1.5029464205394556,0.6173372565983787,3.668192602481851,4
-0.7978914669212387,0.34164855476966105,1.156483785478406,3
-1.0140138396383807,0.7304403137588783,-0.5522820958485958,4
-1.0529867265217996,-1.6270515339302847,1.926762659143291,0
-0.5782261044874223,-1.6447238866116127,-0.28224843166113656,0
0.22957555091435392,-1.6517928276841438,-0.2825089501959799,0
1.2109837024331787,-1.641189416075347,1.2454570679496917,0
-0.032605688119555915,-1.5952412991038942,1.1352081051328613,0
-0.149524348769813,-1.6093791812489566,-0.2730062264964535,0
1.2038977229998296,-1.5775689464225662,0.4964290633413193,0
-0.46130744383716527,-1.5775689464225662,-0.6084424485741267,0
1.1117799903662937,-1.5811034169588316,-0.9086838571589062,0
0.23311854063102838,-1.5634310642775036,-0.49282184168171517,0
-1.5773492045896194,-1.5492931821324412,-0.539739989242563,0
1.3101874145000634,-1.5598965937412381,-0.8921843499521565,0
-0.22038414310330215,-1.4856727124796603,0.7805059171212907,0
1.5333957666505542,-1.5528276526687068,-1.0930317346719147,0
1.423563085433646,-1.5457587115961755,-0.653102768832998,0
-0.9183531172881703,-1.5174829473060507,-0.15108355218973446,0
1.2251556612998764,-1.4538624776532696,1.1786650778736456,0
-0.10346548245304506,-1.4255867133631448,2.176178142144572,0
-0.7164027034377262,-1.4573969481895352,0.7262808449403108,0
1.56173968438395,-1.4397245955082072,-1.037553692394783,0
0.2047746228976327,-1.4255867133631448,-0.9125420126034921,0
-0.43650651582044403,-1.4114488312180824,-0.6059737253153723,0
-0.1991262048032554,-1.3584317731740982,-0.1907195864194829,0
0.19414565374760934,-1.3478283615653013,-0.508043567503281,0
1.246413599599923,-1.351362832101567,-0.28376192029213176,0
0.5130147282483105,-1.3407594204927702,-1.055740367255757,0
-0.018433729252858088,-1.1852427168970832,2.396030974263383,0
1.5652826741006243,-1.2665355392311923,0.18740445843896192,0
-0.09637950301969614,-1.2488631865498643,-1.0164020684944008,0
1.3952191677002503,-1.2170529517234736,0.4764683813145074,0
1.0019473091493856,-1.2029150695784112,-0.7750626600732665,0
-0.482565382137212,-1.1357601293893647,-0.11619887980974956,0
-0.3089588860201636,-1.1428290704618957,-0.9494612106841596,0
0.9452594736825943,-1.132225658853099,0.554996111103023,0
1.4837939106171119,-1.1428290704618957,-1.0447613718587843,0
-0.3089588860201636,-1.114553306171771,-0.8774092273331799,0
0.4882138002315893,-1.114553306171771,-1.0041701030012766,0
1.1684678258330852,-1.040329424910193,0.21972116240406223,0
1.59362659183402,-1.0933464829541772,-0.8233950511089786,0
0.9700604016993155,-1.068605189200318,2.1291359381385604,0
-1.1203035311386143,-1.0721396597365835,-0.8680181544343004,0
0.5094717385316361,-0.9873123668662089,0.4063020559300139,0
1.579454632967322,-1.0191226016925994,0.9868738136508252,0
0.8637707101990818,-1.0155881311563337,0.8465411628818381,0
1.4023051471335992,-1.0155881311563337,-0.33906628354603374,0
-0.9112671378548213,-0.9837778963299433,0.12786977040498307,0
-1.2868240478223139,-0.9661055436486152,-0.15167902312651932,0
-1.0919596134052185,-0.941364249894756,-0.12944810815321423,0
1.182639784699783,-0.9378297793584903,-0.687094234807806,0
-1.5277473485561768,-0.9342953088222248,-0.7301666325685845,0
-1.5560912662895725,-0.9307608382859591,-1.0937264507648305,0
-0.9041811584214724,-0.9166229561408967,-1.0249743688552007,0
-1.364769821589152,-0.9024850739958342,-0.6773061812844035,0
1.5759116432506477,-0.8848127213145062,0.09897702432639621,0
-0.011347749819509171,-0.8388646043430532,0.3352177128513101,0
0.6051324608818464,-0.8353301338067877,0.0900945828526874,0
0.4634128722148681,-0.7823130757628035,1.7714563954430662,0
0.33232225269791316,-0.7999854284441316,0.39522381537691015,0
-1.1132175517052654,-0.7964509579078659,-0.42914366837927437,0
-1.010470849921706,-0.7964509579078659,-0.39558639996253886,0
-0.39399063922035055,-0.7929164873716003,-0.8681049939459153,0
-1.761584669856691,-0.7540373114726786,-0.025736919996501975,0
-0.6526288885375859,-0.7611062525452098,-0.1384546060720867,0
1.1968117435664807,-0.7469683704001473,-0.12025552556659663,0
1.5900836021173455,-0.7292960177188192,0.3251567351485476,0
-0.606570022220818,-0.7469683704001473,-1.053060748040225,0
-0.17078228706985973,-0.7080891945012256,2.815875201630323,0
-0.397533628937025,-0.7328304882550849,-0.3752783598892687,0
-1.676552916656504,-0.7257615471825537,-1.0533336722195843,0
-0.7978914669212387,-0.7080891945012256,-0.9257664296579248,0
-1.7651276595733656,-0.6974857828924288,-0.9032377792162275,0
0.22603256119767945,-0.6939513123561631,-0.8992555673264779,0
1.1401239080996894,-0.6868823712836319,-0.9499822477538462,0
-1.4533445645060132,-0.6798134302111007,-0.8481939344971682,0
0.45632689278151917,-0.6692100186023039,1.869051600853216,0
1.5050518489171585,-0.6798134302111007,-0.47056611541937804,0
0.796453905582267,-0.6515376659209758,-0.5091228585762037,0
-1.6588379680731318,-0.6373997837759134,-0.7661057847324595,0
0.6476483374819398,-0.6373997837759134,-0.7076751990604361,0
0.8921146279324774,-0.6338653132396478,-0.31533428558625015,0
-0.7412036314544473,-0.6126584900220541,0.22957124415004618,0
1.012576278299409,-0.6197274310945853,-1.0695602552469745,0
1.398762157416925,-0.5914516668044605,-0.8148475620372113,0
1.5865406124006711,-0.5737793141231324,-0.5207221361989934,0
-1.6659239475064807,-0.5702448435868668,-0.7887336803302876,0
-0.3266738346035359,-0.5384346087604762,0.05549524029657858,0
-0.021976718969532544,-0.5667103730506011,-0.8872220921456151,0
0.6370193683319165,-0.5702448435868668,-0.5255231206268225,0
0.6511913271986143,-0.5242967266154138,-0.51005328191493,0
-1.3293399244224073,-0.47127966857142967,0.4896803927244233,0
1.2038977229998296,-0.4571417864263672,-0.3066007118467377,0
1.5759116432506477,-0.48541755071649206,-1.0667565795862788,0
0.6830782346486844,-0.45007284535383596,-0.28289352517598687,0
-1.5525482765728982,-0.4324004926725079,-0.1441239856160606,0
-0.312501875736838,-0.43946943374503916,-0.9405415522769013,0
1.1153229800829683,-0.43946943374503916,-0.7660685677989101,0
0.17643070516423706,-0.29102167122188344,1.5182820021533308,0
-1.3222539449890582,-0.38291790516478935,0.016405054425549546,0
-0.7589185800378196,-0.37584896409225815,0.7272484852125866,0
1.59362659183402,-0.3687800230197269,-0.021791925040301852,0
-0.6419999193875625,-0.3334353176570708,0.6546258422138548,0
-0.16369630763651083,-0.3723144935559925,-0.46600083823735966,0
0.05242606508063106,-0.3652455524834613,0.029952018237407674,0
1.0834360726328982,-0.3334353176570708,0.08942467804880436,0
-1.0777876545385208,-0.35464214087466445,-0.7588360770458761,0
-1.6552949783564572,-0.31222849443947714,0.3544836787852062,0
-0.3408457934702337,-0.31576296497574274,0.9301800182110915,0
0.35003720128128546,-0.32283190604827394,-0.12439901083505861,0
-0.8262353846546343,-0.31222849443947714,0.11903695150933973,0
0.8743996793491051,-0.3051595533669459,-0.8763423419047738,0
-1.449801574789339,-0.29102167122188344,-1.021351920656426,0
-1.0848736339718696,-0.28748720068561784,-0.9186952122836032,0
1.6184275198507412,-0.28748720068561784,-0.9956598308630582,0
-0.482565382137212,-0.25921143639549293,-0.23060373353955863,0
0.05242606508063106,-0.2662803774680242,-0.8002337127969471,0
-1.7084398241065741,-0.21326331942404,0.39650159676209473,0
1.1188659697996426,-0.22386673103283683,-0.4260298516056697,0
-0.6526288885375859,-0.20265990781524315,-1.0172332466769969,0
0.05596905479730552,-0.19559096674271192,-0.8586518928244538,0
1.5971695815506943,-0.17791861406138387,-0.36784737882397367,0
0.718508131815429,-0.16024626138005582,-1.0069489673729397,0
0.881485658782454,-0.16024626138005582,-1.0941482426783864,0
0.9062865867991753,-0.15671179084379022,-0.5633851476907323,0
1.0940650417829214,-0.15671179084379022,-0.41264416117252467,0
-1.2903670375389882,-0.08248790958221236,1.6955090397139512,0
-0.7057737342877027,-0.09662579172727481,0.4785773408822875,0
1.5971695815506943,-0.09662579172727481,0.5515101249939274,0
1.4589929826003907,-0.11429814440860286,-0.5697368376831047,0
1.4837939106171119,-0.10722920333607165,-0.9213500202101027,0
-0.08220754415299832,-0.08248790958221236,0.7705938071527245,0
0.718508131815429,-0.08955685065474359,-0.419653350324264,0
0.30043534524784304,-0.02947085153822819,1.7327755958410762,0
-1.6552949783564572,-0.061281086364618695,-0.6249667670699091,0
0.7007931832320567,-0.033005322074493804,0.6962591852107364,0
-1.5242043588395024,0.009408324360693535,0.555790072352069,0
-1.8395304436235291,0.01647726543322476,-0.2968622809014007,0
-1.2513941506555692,0.009408324360693535,-0.9479601276976803,0
1.2534995790332721,0.012942794896959146,-0.777221242219112,0
-0.3266738346035359,0.04121855918708404,-1.011266131664631,0
-0.036148677836230374,0.06595985294094332,-0.06760597023919414,0
1.012576278299409,0.048287500259615264,-0.9524013484345351,0
1.1472098875330383,0.07656326454974016,-0.5468236122614005,0
-0.9998418807716828,0.10837349937613067,0.5752049060201623,0
0.5697025637151019,0.08363220562227137,-0.1609460395802351,0
1.4589929826003907,0.07656326454974016,-0.6013464199107731,0
-0.4152485775203973,0.09423561723106821,-1.0757134549270857,0
0.3429512218479365,0.10483902883986505,-1.072388742196703,0
-0.358560742053606,0.11544244044866188,-0.35493310288244984,0
0.08076998281402671,0.11190796991239627,-0.1747783332159693,0
1.6113415404173923,0.12958032259372432,0.14725979278404283,0
-0.4294205363870951,0.11897691098492749,-0.6726664702352876,0
-1.2797380683889648,0.16139055742011482,1.089791040558492,0
-0.5923980633541202,0.14371820473878677,-1.0758375113722494,0
-1.4852314719560833,0.1790629101014429,1.187200161300897,0
0.4882138002315893,0.16845949849264605,0.6947332909352251,0
-1.364769821589152,0.16139055742011482,-0.702588884808731,0
-0.37627569063697824,0.15785608688384922,-1.0118740082459319,0
0.7751959672822203,0.20733867439156778,-0.6809782520612435,0
-1.0919596134052185,0.24975232082675514,2.1873556278538064,0
-0.6207419810875158,0.2108731449278334,-0.5366882006915398,0
1.1507528772497129,0.20026973331903655,-1.0743364283857701,0
-1.3080819861223605,0.20733867439156778,-1.0756266154154708,0
1.1649248361164106,0.2674246735080832,-0.3890734365914535,0
1.4200200957169715,0.25682126189928633,-0.9801279639285843,0
-0.6349139399542136,0.2709591440443488,-0.5893749729524917,0
-1.5525482765728982,0.27802808511688004,-0.8242262292915741,0
-1.80055755674011,0.3027693788707393,0.6669942697966592,0
-0.44359249525379296,0.31337279047953615,-0.8706977736498327,0
1.398762157416925,0.3345796136971298,-0.021010369435771167,0
0.6618202963486377,0.3275106726245986,-0.42647645480825885,0
-1.4462585850726644,0.4229413771037701,2.0641055495838376,0
0.7787389569988948,0.3593209074509891,-0.023677583006787354,0
-0.4896513615705609,0.3699243190597859,0.1335763668825057,0
-1.7899285875900868,0.47242396461148867,3.2970777467751455,0
-1.5631772457229214,0.38406220120484835,-1.0852533955601609,0
0.21540359204765608,0.3946656128136452,-0.6657441205951625,0
0.6051324608818464,0.3982000833499108,-0.7156396228399345,0
1.3952191677002503,0.41587243603123886,-0.37727566865640183,0
-1.6588379680731318,0.41587243603123886,-0.21102762649275303,0
-1.5702632251562703,0.40526902442244206,-1.0908235299480038,0
-0.684515795987656,0.40880349495870766,-0.9435313126053423,0
-0.6455429091042371,0.41233796549497326,-0.9615319027985713,0
1.1684678258330852,0.7481126664402064,2.128503250268226,0
1.3101874145000634,0.44414820032136376,-0.5067905974071291,0
-0.397533628937025,0.4653550235389574,-0.8863661026739869,0
1.6503144273008112,0.47242396461148867,-0.8048238012679976,0
1.3172733939334123,0.4936307878290823,0.48713723559857075,0
1.26767153789997,0.5643201985543945,1.0390395488420905,0
0.14808678743084142,0.5749236101631914,0.40404422862803746,0
-0.8864662098381001,0.6385440798159724,3.2017279630224555,0
-0.40816259808704836,0.560785728018129,-0.5830604998936681,0
-0.07157857500297495,0.578458080699457,0.1066685239265353,0
-1.8218154950401568,0.578458080699457,-0.9929181834249444,0
-1.7899285875900868,0.5890614923082539,-1.0136480154117704,0
-1.7367837418399699,0.5961304333807851,0.14914545075052904,0
-1.6659239475064807,0.6067338449895819,-0.693830499780186,0
0.7503950392654991,0.6208717271346443,-0.8850635099997702,0
-0.39399063922035055,0.62440619767091,-0.8875694501920733,0
1.2783005070499933,0.6491474914247692,0.22936034819326828,0
0.18351668459758597,0.6526819619610349,-0.8378352213260136,0
0.9948613297160367,0.8364744298468466,1.6414452409116844,0
-1.782842608156738,0.6844921967874253,-0.02254866935579912,0
1.384590198550227,0.6668198441060973,-0.5367130119805725,0
-1.6411230194897595,0.6915611378599565,0.9022176954712318,0
-0.6774298165543071,0.7127679610775502,-0.39785663290903206,0
-0.3550177523369315,0.7481126664402064,-0.7779035526675111,0
1.292472465916691,1.1192320727480956,3.4815248694442857,0
-1.7544986904233422,0.7905263128753937,0.7443186520670884,0
-1.3399688935724305,0.7905263128753937,-0.3846942440771809,0
-0.1991262048032554,0.7834573718028625,-0.7635254106730582,0
0.08785596224737563,0.7940607834116593,-0.9328872696103117,0
0.14454379771416695,0.815267606629253,-0.5711014585799041,0
1.5121378283505074,0.8081986655567217,-0.6118167838825747,0
-0.37981868035365274,0.8117331360929874,-0.9840853645293011,0
-1.4214576570559432,0.8824225468182996,2.9463329593642924,0
-0.046777646986253744,0.8718191352095027,-0.13529116672041658,0
0.7716529775655459,0.8506123119919091,-0.10802356007347257,0
1.515680818067182,0.8894914878908309,0.569535526476189,0
1.6007125712673689,0.9106983111084245,0.020585756627560958,0
-0.7199456931544006,0.8894914878908309,-0.8417926219267298,0
-0.3160448654535125,0.9142327816446901,-0.030103706866258528,0
-1.8253584847568314,0.9319051343260182,0.9009523197305632,0
-1.2372221917888713,0.9672498396886743,1.423688962716138,0
-0.7978914669212387,0.9637153691524086,2.0154382061461837,0
-1.3470548730057796,1.0273358388051896,1.708596994678704,0
-0.5073663101539332,1.0131979566601272,0.49837674953038696,0
-0.31958785517018695,0.9849221923700023,-0.6288497338035277,0
-0.7943484772045643,1.0308703093414553,-0.6249295501363603,0
-1.7438697212733187,1.1369044254294236,1.6145373979557147,0
1.5263097872172053,1.0379392504139866,-0.3399594899512114,0
1.5546537049506008,1.052077132559049,-0.9595097827424054,0
0.8177118438823138,1.2111283066910015,0.5527630950900793,0
-1.5100323999728045,1.0803528968491738,0.17713258477942154,0
-1.233679202072197,1.1475078370382206,0.2117567386245631,0
1.129494938949666,1.161645719183283,0.18969950267448712,0
1.5971695815506943,1.143973366501955,-0.655397813068524,0
-1.3293399244224073,1.161645719183283,-0.365912098279422,0
-1.630494050339736,1.161645719183283,0.9223272452322401,0
1.494422879767135,1.1651801897195486,-0.28027593418303615,0
-1.8359874539068546,1.1899214834734078,-0.5277313253507327,0
-0.36918971120362937,1.186387012937142,-0.9219454911468883,0
-0.31958785517018695,1.1934559540096734,-0.690840739451745,0
-1.2195072432054992,1.196990424545939,-0.9347605219322804,0
-0.23101311225332552,1.196990424545939,-0.4336469173387106,0
0.9842323605660133,1.2040593656184702,-0.7876047666792994,0
-1.4781454925227344,1.2252661888360639,0.25882375391960727,0
-0.18849723565323204,1.2040593656184702,-1.0070606181735868,0
-1.793471577306761,1.2358696004448608,-0.20109070523515418,0
1.4731649414670884,1.2818177174163137,1.093847686315339,0
-0.7128597137210517,1.2394040709811265,-0.22930114086534129,0
1.1011510212162705,1.2394040709811265,-1.0111296695749505,0
-0.7872624977712153,1.2818177174163137,0.8904819557587617,0
-1.6234080709063872,1.288886658488845,0.17035910287349282,0
-0.4790223924205375,1.2818177174163137,-0.18920609778848765,0
-0.6774298165543071,1.2924211290251106,-0.43537130192648366,0
-1.8253584847568314,1.3100934817064387,0.8264316131208299,0
1.5333957666505542,1.288886658488845,-1.0695602552469745,0
1.0586351446161768,1.3348347754602978,-0.01474551895501309,0
1.430649064866995,1.3136279522427041,-0.3593867292638206,0
-1.7119828138232487,1.324231363851501,-0.196475805475071,0
-1.3293399244224073,1.3454381870690948,-0.6364543938920526,0
-0.730574662304424,1.3525071281416259,-0.6855063123097125,0
-0.3833616700703272,1.3595760692141572,-0.8553643970276207,0
-0.5923980633541202,1.3913863040405476,1.642425286828477,0
-1.6375800297730851,1.4019897156493446,-0.1233693423402013,0
-0.7199456931544006,1.3843173629680166,-0.9235086023559482,0
0.7397660701154758,1.4373344210120007,0.6373075624690263,0
1.2853864864833422,1.398455245113079,-0.6109980113444959,0
1.4271060751503204,1.380782892431751,-0.993650116451409,0
-1.4781454925227344,1.387851833504282,-1.0120849042027102,0
-1.566720235439596,1.4090586567218757,-0.812378838778457,0
-0.5534251764707011,1.6564715942604686,3.760751116218363,0
-1.3045389964056862,1.423196538866938,-0.6334646335636109,0
-0.08220754415299832,1.5115583022735786,1.3295549321260496,0
0.21540359204765608,1.4196620683306727,-0.8674350891420323,0
0.9169155559491986,1.4373344210120007,-0.545322529274922,0
1.398762157416925,1.4408688915482661,-0.868737681816249,0
1.2783005070499933,1.515092772809844,1.4734107859376802,0
1.4200200957169715,1.451472303157063,-0.6569237073440352,0
-1.5773492045896194,1.4726791263746568,-0.18502539558647693,0
-1.449801574789339,1.4656101853021255,-0.5527535103402177,0
-0.3869046597870016,1.4585412442295942,-1.0926843766254566,0
-1.5348333279895259,1.4868170085197192,-0.541948193966474,0
0.7858249364322437,1.5893166540714219,1.1871009161447659,0
0.920458545665873,1.515092772809844,0.3090542085663209,0
1.6538574170174858,1.515092772809844,-0.06657630174433683,0
1.5546537049506008,1.5221617138823753,-1.0833553319491593,0
-1.2301362123555224,1.5398340665637034,-0.7015716219583905,0
1.5369387563672285,1.5539719487087658,-0.7431553423772059,0
0.6759922552153356,1.5716443013900938,-0.6052417922889078,0
1.1932687538498064,1.6175924183615469,-0.09246688184996597,0
1.5546537049506008,1.635264771042875,-0.6900343725581815,0
0.6334763786152421,1.6670750058692654,0.05775306759855505,0
0.6653632860653121,1.7766435924934993,0.6301495055830899,0
1.2322416407332253,1.6953507701593902,-0.8776821515125399,0
1.5511107152339265,1.7130231228407182,0.5781822607040865,0
1.143666897816364,1.762505710348437,-0.5684218393643713,0
1.214526692149853,1.7660401808847026,0.08535562664744058,0
0.7255941112487779,1.8367295916100146,-0.9800163131279374,0
1.136580918383015,1.833195121073749,-0.9873604546816181,0
1.1897257641331318,1.8473330032188113,-0.013827501260802726,0
-0.8616652818213789,-0.6373997837759134,-0.9483695139667201,1
-0.5109092998706076,-0.18852202567018073,2.064068332650289,1
-0.7164027034377262,-1.1357601293893647,1.3637696997021522,2
-1.1238465208552888,-1.1004154240267086,-0.27999060435916007,4
-1.435629615922641,-0.5879171962681948,-0.40510152930658194,4
-1.0777876545385208,-0.8494680159518501,0.996413754283901,4
-0.7837195080545408,-0.31222849443947714,2.3339779403925838,2
-1.0423577573717762,-1.2700700097674578,0.6806528844091643,4
0.5697025637151019,-0.9555021320398185,2.6487091417724637,2
0.640562358048591,-0.19205649620644633,3.4584627762883846,2
0.9984043194327111,-1.5634310642775036,2.8563796309762157,1
1.2853864864833422,-1.5457587115961755,2.6559168212364654,2
0.9948613297160367,-0.8494680159518501,0.5515473419274768,3
0.67953524493201,-1.05093283651899,2.1357605523102934,3
0.9381734942492453,0.027080677042021592,1.0144639670551947,3
1.462535972317065,-1.2523976570861297,0.6181408416912605,4
0.8070828747322905,-1.4291211838994105,-0.0008387914521813928,4
0.6228474094652187,-0.8211922516617252,1.6694571862296097,4
0.5201007076816594,0.1790629101014429,1.536952497150442,3
0.5661595739984273,0.37345878959605155,1.321702159147198,3
0.4882138002315893,0.7304403137588783,2.066586678487108,3
0.6689062757819866,0.6279406682071755,1.125258778230745,3
0.5201007076816594,1.133369954893158,2.2233444025957465,3
0.2543764789310751,1.5469030076362347,2.0649987559890146,2
0.11974286969744574,1.0096634861238616,1.6287790778604885,3
0.19414565374760934,1.306559011170173,1.251101636204632,3
-0.3231308448868614,1.7589712398121713,2.5117756376009575,3
0.3216932835478898,0.8930259584270964,3.467580925007905,3
-0.007804760102834715,1.3949207745768133,1.2805154193529058,3
-0.12826641046976625,1.4019897156493446,1.9104492366042871,3
0.8637707101990818,-1.641189416075347,0.604209302899396,0
1.1011510212162705,-1.6517928276841438,-1.0104225478375188,0
0.6511913271986143,-1.623517063394019,-0.25243766788834,0
1.3208163836500868,-1.641189416075347,-0.7706338449809285,0
1.430649064866995,-1.5598965937412381,0.8915612468316837,0
-1.5915211634563171,-1.5917068285676286,-0.9798054171711588,0
0.04179709593060769,-1.5846378874950973,-0.3585183341476757,0
0.30043534524784304,-1.5528276526687068,-0.7719860602332106,0
0.6263903991818931,-1.5528276526687068,-0.8834135592790946,0
0.7999968952989416,-1.5598965937412381,-0.9909829028803935,0
1.1224089595163171,-1.5245518883785818,2.1018807371361325,0
1.5263097872172053,-1.4750693008708633,1.7556764156182643,0
-1.0565297162384741,-1.4079143606818167,1.6135449463944067,0
0.25791946864774956,-1.4432590660444728,0.16142703882171855,0
-1.2584801300889181,-1.4644658892620666,-0.725688194898181,0
0.36420916014798327,-1.4291211838994105,0.019196324441729393,0
1.0054902988660601,-1.4255867133631448,-1.0100751897910611,0
1.161381846399736,-1.3761041258554263,1.1488543141008496,0
-1.233679202072197,-1.3937764785367543,0.14716054762791192,0
0.8070828747322905,-1.2912768329850515,0.9472874019991429,0
1.4837939106171119,-1.351362832101567,-0.6430914137083009,0
-0.6738868268376327,-1.351362832101567,-0.3308909638097574,0
-0.8333213640879833,-1.3089491856663795,-0.8259258025903143,0
-0.7660045594711685,-1.2842078919125204,-0.25321922349287,0
-0.6774298165543071,-1.2877423624487858,-0.07522303597223504,0
1.207440712716504,-1.2347253044048017,1.9635578007787946,0
-1.2549371403722436,-1.2736044803037234,-0.22603845635754022,0
0.35003720128128546,-1.2665355392311923,0.3242139061653045,0
0.024082147347235402,-1.2665355392311923,-0.5579142584590203,0
1.0728071034828748,-1.1958461285058801,2.6012079289193477,0
-0.5888550736374457,-1.2523976570861297,-0.9986619968360159,0
0.6122184403151953,-1.2276563633322706,0.13330344270314567,0
0.5059287488149616,-1.2311908338685362,0.8590212412652902,0
0.1728877154475626,-1.2064495401146769,-1.0044430271806368,0
-0.5640541456207245,-1.1958461285058801,-0.6250287952924912,0
-0.8368643538046577,-1.1746393052882864,1.0316705959993768,0
0.4208969956147746,-1.1711048347520208,-0.7710308256054514,0
1.377504219116878,-1.1640358936794895,-1.0742744001631888,0
-1.4143716776225943,-1.1534324820706927,-0.6323233142681066,0
0.9346305045325709,-1.1428290704618957,-0.7268791367717508,0
0.7610240084155225,-1.0756741302728492,1.3791775101914623,0
-0.8297783743713087,-1.1074843650992396,0.28824994271239684,0
-0.606570022220818,-1.1216222472443023,-0.9040813630433391,0
-1.2584801300889181,-1.0792086008091148,-0.6988175688757601,0
1.228698651016551,-1.0473983659827244,-0.1246347180808692,0
1.1046940109329448,-0.9731744847211465,0.019481654265605455,0
-0.09637950301969614,-1.0367949543739274,-0.9259773256147026,0
-0.5144522895872821,-1.0120536606200683,-0.301650859684713,0
0.13391482856414358,-1.0191226016925994,-0.1723344212462477,0
0.431525964764798,-1.0155881311563337,-0.3191428184527706,0
-0.85457930238803,-0.9767089552574121,0.6180415965351296,0
-0.7624615697544941,-1.0155881311563337,-0.946645129378947,0
-0.1247234207530918,-0.9378297793584903,-0.6515768745574868,0
0.7433090598321502,-0.9342953088222248,-0.10111361607786418,0
1.2251556612998764,-0.9272263677496936,-0.1850626125200257,0
-0.13535238990311518,-0.8671403686331781,0.22019257689568342,0
1.2322416407332253,-0.8423990748793189,1.4163076042289078,0
-1.2230502329221735,-0.8600714275606469,0.7775905906599478,0
0.15162977714751585,-0.8388646043430532,-0.8901126073179259,0
1.3491603013834823,-0.8530024864881157,-1.0468331144930156,0
0.10911390054742237,-0.8176577811254596,-0.23176986412409561,0
-1.2017922946221269,-0.7717096641540067,0.6065787810020195,0
0.16225874629753922,-0.750502840936413,0.20134840287534306,0
1.2251556612998764,-0.7398994293276161,-0.02872668032494298,0
0.33586524241458765,-0.7469683704001473,-0.8391750309337798,0
0.8743996793491051,-0.6373997837759134,2.123516181172652,0
1.4589929826003907,-0.722227076646288,-0.6427812725953922,0
0.5626165842817529,-0.722227076646288,-0.7607837632349438,0
-0.932525076154868,-0.6974857828924288,0.6301619112276067,0
0.4952997796649382,-0.6232619016308509,1.6538508854280376,0
-1.6198650811897128,-0.6267963721671166,0.1317651427831177,0
0.7326800906821268,-0.640934254312179,-0.9647325590837901,0
-0.20975517395327878,-0.6197274310945853,-0.8079128067525695,0
0.016996167913886487,-0.594986137340726,-0.7099702432959614,0
0.7362230803988014,-0.5879171962681948,0.8644921304970022,0
-0.8687512612547278,-0.577313784659398,-0.04696297776398248,0
1.0834360726328982,-0.513693315006617,0.619158104541601,0
1.4873369003337862,-0.5490380203692731,1.2287342591416475,0
0.002824209047188657,-0.5631759025143356,-1.0262521502403854,0
0.1587157565808648,-0.47834860964396086,1.2335600548585084,0
0.5626165842817529,-0.4924864917890233,-0.536266408777984,0
0.39255307788137894,-0.47481413910769527,-0.7272637117517577,0
0.9488024633992688,-0.35110767033839885,0.9847772597275617,0
-1.4037427084725709,-0.45007284535383596,-0.5189481290331549,0
0.7999968952989416,-0.43946943374503916,-0.35463536741405705,0
-1.5560912662895725,-0.43946943374503916,-0.6681880325648841,0
-0.8120634257879366,-0.41119366945491426,-0.6763013240785789,0
1.547567725517252,-0.38645237570105495,-0.12661962120348633,0
0.5271866871150084,-0.3299008471208052,-0.5965950580610097,0
0.796453905582267,-0.2698148480042898,-1.068964784310189,0
-1.0600727059551485,-0.25921143639549293,-1.0477139152536765,0
0.5378156562650317,-0.25921143639549293,-1.0041204804232111,0
0.6618202963486377,-0.25921143639549293,-1.0178287176137817,0
0.04534008564728215,-0.2450735542504305,-1.0552565471196191,0
0.7751959672822203,-0.23800461317789928,-1.0132634404317633,0
1.0409201960328047,-0.22740120156910243,-0.7503878331302398,0
1.2499565893165976,-0.20619437835150878,-0.41755679640100063,0
0.7681099878488714,-0.20972884888777438,-0.8069079495467449,0
-0.7589185800378196,-0.18852202567018073,-0.3634929975987338,0
0.4775848310815659,-0.16731520245258705,-1.0689895955992217,0
0.9984043194327111,-0.1249015560173997,-0.43360970040516184,0
-1.3860277598891986,-0.07188449797341553,0.45259992126504345,0
0.13745781828081804,-0.0930913211910092,-0.5899580382447606,0
0.7751959672822203,-0.08955685065474359,-0.5861122884446913,0
0.11619987998077129,-0.0011950872481032992,-0.7749510092726188,0
-0.7447466211711218,0.009408324360693535,-0.22009615263420698,0
-1.2443081712222204,0.023546206505755982,-0.2319063262137753,0
0.5838745225817996,0.04121855918708404,-0.3227652666515459,0
0.09494194168072455,0.058890911868412096,-0.11902736675947817,0
0.7539380289821735,0.09777008776733383,1.0156176919952156,0
-1.0210998190717295,0.150787145811318,0.7108234118729351,0
1.0196622577327579,0.10837349937613067,-0.6997231809254537,0
0.06659802394732889,0.18966632171023973,-0.39102112278052115,0
-0.27352898885341903,0.19673526278277095,0.361430839714364,0
0.4067250367480768,0.2462178502904895,2.0334015794058633,0
0.13745781828081804,0.29216596726194244,-0.5395414989303011,0
1.4164771060002972,0.3381140842333954,0.9209874356244739,0
0.11619987998077129,0.3381140842333954,-0.9636656736553834,0
-1.2301362123555224,0.35578643691472345,0.09124830779270837,0
-1.8218154950401568,0.35578643691472345,-0.9998653443541023,0
-0.09637950301969614,0.41587243603123886,0.4774112102977498,0
-0.0007187806694858003,0.41233796549497326,0.4590880733470961,0
-0.31958785517018695,0.40526902442244206,-0.8244867478264174,0
-1.1947063151887778,0.44414820032136376,-0.4981190518901981,0
0.1728877154475626,0.44414820032136376,0.6119876420111493,0
-1.545462297139549,0.44414820032136376,0.3529950014432437,0
-0.9360680658715425,0.44414820032136376,-0.8967496271341749,0
0.3996390573147279,0.47949290568401987,1.0880542503262023,0
-0.007804760102834715,0.46888949407522307,0.19685755956042283,0
1.4589929826003907,0.514837611046676,0.4931539731890022,0
0.8389697821823605,0.5077686699741448,-0.5834574805181919,0
-0.2416420814033489,0.514837611046676,-0.708828924000457,0
-1.3293399244224073,0.5431133753368009,-0.6513411673116761,0
-1.0140138396383807,0.560785728018129,1.3264163040634116,0
-1.6127791017563637,0.5819925512357226,0.23671689539146584,0
0.8318838027490116,0.5713891396269258,0.07529464894467808,0
0.1658017360142137,0.578458080699457,-0.9333462784574161,0
0.21894658176433054,0.5819925512357226,-0.6719717541423718,0
0.4492409133481703,0.6173372565983787,5.441495299624029e-05,0
-0.22392713281997662,0.6067338449895819,-0.9045775888239936,0
0.222489571481005,0.642078550352238,1.7907347670214784,0
-1.6269510606230617,0.6350096092797068,-0.7206887201580902,0
1.1188659697996426,0.642078550352238,0.02063537920562642,0
-0.932525076154868,0.6491474914247692,-0.8702387648027282,0
0.002824209047188657,0.6809577262511597,-1.0562117817473784,0
0.08431297253070118,0.7092334905412846,-0.26599703734471414,0
-0.4010766186536995,0.7233713726863471,-0.5766591873232297,0
0.8318838027490116,0.7481126664402064,-0.9225657733727058,0
-0.6632578576876093,0.797595253947925,0.14560984206336794,0
0.04534008564728215,0.7869918423391281,-0.38181613454938684,0
0.3216932835478898,0.797595253947925,1.9130792332417537,0
-1.2832810581056393,0.8329399593105811,-0.0858050507446842,0
-0.29478692715346577,0.861215723600706,-0.9910945536810405,0
0.07722699309735226,0.9036293700358933,0.9887098490392459,0
1.0196622577327579,0.9142327816446901,-0.6769216063043965,0
0.42443998533144905,0.9283706637897525,-0.6614765788815369,0
0.6122184403151953,0.9319051343260182,-0.3681823312259152,0
-0.025519708686207,0.9707843102249399,0.10790908837817047,0
0.7503950392654991,0.9637153691524086,-0.9121822489125179,0
0.2047746228976327,0.9849221923700023,0.09427528505469882,0
-0.004261770386160257,1.0662150147041114,1.0078889754615283,0
0.7503950392654991,1.0273358388051896,0.10882710607238083,0
-1.2443081712222204,1.0450081914865177,-0.2639004834214501,0
-0.4294205363870951,1.041473720950252,0.044503839255089696,0
0.21540359204765608,1.0485426620227833,-0.7951722098342747,0
1.0834360726328982,1.0838873673854394,0.16068270015073732,0
-0.06803558528630049,1.1934559540096734,2.421747875345783,0
0.21540359204765608,1.1298354843568925,0.7228568870537972,0
1.5581966946672754,1.1086286611392988,0.9750264231377087,0
0.7149651420987546,1.1192320727480956,-0.0793541155961803,0
0.346494211564611,1.1263010138206269,-0.552455774871825,0
-1.2159642534888246,1.161645719183283,0.27656382557799214,0
1.065721124049526,1.1475078370382206,-0.2697435419886524,0
-0.44359249525379296,1.151042307574486,-0.9871123417912909,0
-0.18495424593655757,1.196990424545939,1.3149038659522367,0
0.04179709593060769,1.168714660255814,-0.2547079008348325,0
-0.7908054874878898,1.2252661888360639,-0.054927401543480914,0
1.2712145276166444,1.2040593656184702,-1.092659565336424,0
-0.5073663101539332,1.2641453647349856,-0.685158954263255,0
-0.2912439374367913,1.3560415986778915,0.6842381156743902,0
0.9488024633992688,1.271214305807517,-0.5099540367587991,0
1.1968117435664807,1.295955599561376,-0.3837514150939385,0
-1.8218154950401568,1.4090586567218757,0.094734293901804,0
-0.4046196083703739,1.5362995960274377,3.23385858231981,0
0.45278390306484473,1.3949207745768133,-0.22350770487620442,0
-0.10346548245304506,1.515092772809844,1.8041080518101074,0
-1.7757566287233888,1.525696184418641,0.05313816783847119,0
-0.7482896108877963,1.7377644165945776,1.792211038718924,0
1.5263097872172053,1.6918162996231247,-0.9974834606069621,0
0.15517276686419032,1.75190229873964,2.108902331932388,0
-1.7863855978734122,1.744833357667109,-0.5711882980915184,0
-1.761584669856691,1.744833357667109,-0.7237777256426621,0
-0.5782261044874223,1.8402640621462802,1.4142110503056429,0
1.4660789620337396,1.8402640621462802,0.9610700730568109,0
-1.0529867265217996,-1.2064495401146769,2.6025601441716306,3
-1.676552916656504,-1.0191226016925994,0.30195817990296736,3
-0.48610837185388645,-1.2983457740575828,1.7151223636943063,3
-0.7518326006044708,-0.3617110819471957,2.551808652455229,4
0.5094717385316361,-0.4642107274988984,-0.566126795128846,3
0.7255941112487779,-0.9130884856046311,0.7229313209208955,4
0.9700604016993155,0.5819925512357226,1.4389479054712517,1
-0.6419999193875625,0.43707925924883256,0.7404356853334697,4
-1.1309325002886377,1.532765125491172,0.9488008906301374,4
1.2499565893165976,1.4408688915482661,2.233306135142378,2
1.5829976226839966,1.744833357667109,4.064627378646433,2
1.4802509209004373,0.9142327816446901,1.6746179343484136,3
1.384590198550227,1.278283246880048,3.0419680729408602,4
1.384590198550227,1.278283246880048,3.0419680729408602,4
1.2853864864833422,1.179318071864611,-0.695554884367959,4
-0.8120634257879366,-1.6341204750028158,-0.8727943275730967,0
-0.6561718782542604,-1.6305860044665503,-0.9248484119637144,0
-0.3833616700703272,-1.5952412991038942,0.40184842954864314,0
-1.1521904385886843,-1.588172358031363,-1.0050881206954871,0
1.3562462808168314,-1.5775689464225662,1.2407305173889602,0
-0.8297783743713087,-1.5351552999873788,-0.4194300487229701,0
-1.0388147676551018,-1.5280863589148475,-0.6452127789205978,0
-1.651751988639783,-1.4644658892620666,0.14600682268789164,0
0.14808678743084142,-1.4573969481895352,-0.14494275815413935,0
-0.8333213640879833,-1.4149833017543478,-0.5146309647414645,0
-0.691601775421005,-1.4185177722906135,-1.0635187063675104,0
-0.9466970350215659,-1.4079143606818167,-0.6431038193528177,0
0.14454379771416695,-1.3937764785367543,-0.7763280358139344,0
1.044463185749479,-1.3831730669279574,-1.0423918937561607,0
-1.722611782973272,-1.2488631865498643,-0.004213126760629387,0
-1.6907248755232018,-1.2806734213762547,-0.7889073593535166,0
-1.343511883289105,-1.2488631865498643,-0.9832169694131562,0
1.012576278299409,-1.2135184811872082,-0.061229468957788434,0
-1.4427155953559898,-1.2135184811872082,-0.9895686594055292,0
-0.8049774463545876,-1.1817082463608175,-0.20446504054360218,0
-1.6234080709063872,-1.178173775824552,-1.0236841818255,0
-1.8111865258901334,-1.1357601293893647,0.2130345200097477,0
0.9913183399993623,-1.1534324820706927,-0.5625415638636202,0
1.4979658694838096,-1.114553306171771,-0.3768414710983294,0
-1.7403267315566442,-1.114553306171771,-1.0928952725822345,0
-1.3009960066890116,-1.1039498945629742,-0.4793245004479232,0
-0.5782261044874223,-1.1004154240267086,-0.4178669375139094,0
1.0586351446161768,-1.0862775418816462,-0.9550561563610346,0
0.8779426690657796,-1.0650707186640525,-0.6751103822050085,0
0.4138110161814257,-1.0155881311563337,-1.010608632505264,0
0.031168126780584313,-0.9873123668662089,-0.6245697864453861,0
-0.06803558528630049,-0.9696400141848809,-0.8877927517933679,0
-1.095502603121893,-0.9448987204310216,-1.055852018056404,0
-1.7757566287233888,-0.9378297793584903,-0.7709439860938372,0
-1.7757566287233888,-0.8035198989803971,0.48647973643920445,0
-1.1947063151887778,-0.8812782507782406,-0.9071083403053295,0
-0.6951447651376794,-0.8211922516617252,0.44064087995127943,0
-1.0459007470884507,-0.8353301338067877,-0.7013855372906447,0
-0.808520436071262,-0.8176577811254596,-0.39187711225214933,0
0.888571638215803,-0.831795663270522,-0.9516570097635538,0
-1.2407651815055458,-0.7964509579078659,-0.06970252416245752,0
1.0869790623495725,-0.7611062525452098,0.4501436036508058,0
-1.0529867265217996,-0.7540373114726786,-0.6753212781617871,0
-0.036148677836230374,-0.7363649587913506,-0.5229427465674205,0
-0.8581222921047045,-0.7186926061100225,-0.0019304881696201866,0
0.8177118438823138,-0.7010202534286945,-0.4834927970054179,0
-1.8289014744735057,-0.6727444891385695,0.16182401944624156,0
-0.021976718969532544,-0.6692100186023039,-0.3097145286203424,0
-1.729697762406621,-0.6621410775297727,1.417349678368281,0
-1.4852314719560833,-0.6762789596748351,-0.9273295408669854,0
-0.8652082715380534,-0.6373997837759134,0.5346632597407202,0
0.8318838027490116,-0.6480031953847102,-0.8100217663203495,0
1.1578388566830617,-0.6303308427033821,-0.7270031932169144,0
-1.5915211634563171,-0.6197274310945853,-0.8030621997466757,0
0.718508131815429,-0.5808482551956636,-0.8844308221294359,0
-0.8758372406880768,-0.5702448435868668,-0.30833750207902755,0
0.45278390306484473,-0.5561069614418043,0.23938410896248136,0
-0.7589185800378196,-0.4960209623252889,-0.25197865904123484,0
1.0373772063161302,-0.4995554328615545,-0.7204530129122796,0
0.42443998533144905,-0.4889520212527577,-0.7183192420554668,0
0.7043361729487312,-0.47481413910769527,-0.3526380586469246,0
-0.8404073435213322,-0.45360731589010156,-0.7171034888928643,0
0.8425127718990351,-0.4571417864263672,-0.7049831742003873,0
-1.4568875542226878,-0.42179708106371105,-0.9225781790172218,0
0.7043361729487312,-0.4005902578461174,-1.0724011478412192,0
1.0090332885827344,-0.32283190604827394,0.20663320743930927,0
0.7893679261489182,-0.32636637658453954,0.903458259922867,0
-0.5817690942040968,-0.31222849443947714,-0.4548109468836089,0
-1.8253584847568314,-0.26274590693175853,-0.45926457326497966,0
-0.018433729252858088,-0.2698148480042898,-0.8797166772132218,0
1.0728071034828748,-0.22386673103283683,-0.28047442449529797,0
-0.18495424593655757,-0.19912543727897755,-0.6301523264777451,0
0.8283408130323372,-0.16378073191632142,0.05382047828687095,0
1.0834360726328982,-0.15671179084379022,1.2553071496956756,0
-1.7261547726899464,-0.16731520245258705,-0.98834050059841,0
0.5449016356983806,-0.15671179084379022,-0.9311504793780219,0
0.9913183399993623,-0.06481555690088431,-0.5507810128621173,0
-1.8041005464567845,0.002339383288162312,1.4013215856531531,0
0.7468520495488247,-0.061281086364618695,-0.279705274535284,0
-1.0529867265217996,0.01647726543322476,-0.7448176987423974,0
1.3597892705335057,0.023546206505755982,-0.6835958430541943,0
-0.004261770386160257,0.027080677042021592,-1.0076436834658555,0
-0.5144522895872821,0.10837349937613067,-0.3709984125311271,0
-0.13180940018644072,0.1472526752750524,-0.28506451296634844,0
0.03825410621393323,0.1472526752750524,-0.9167599317390522,0
0.05951204451397997,0.16139055742011482,-0.8851255382223517,0
-1.1521904385886843,0.1790629101014429,-0.6922549829266093,0
-0.482565382137212,0.19320079224650533,-0.756317731209057,0
0.3394082321312621,0.2108731449278334,0.3213109853484777,0
-0.050320636702928204,0.30983831994327055,1.7374649294682576,0
1.246413599599923,0.25682126189928633,-0.981480179180867,0
0.3394082321312621,0.28156255565314564,0.22133389619118768,0
0.10557091083074792,0.2744936145806144,-0.07289077480316038,0
-0.776633528621192,0.31337279047953615,-0.27925867133269555,0
0.6157614300318698,0.32044173155206734,-0.6544549840852808,0
1.2428706098832487,0.31690726101580174,-0.8142024685223602,0
0.10557091083074792,0.34518302530592665,0.6094692961743295,0
-1.630494050339736,0.3381140842333954,-0.23838207265131192,0
1.2216126715832019,0.3275106726245986,-1.020322252161569,0
-0.27352898885341903,0.3593209074509891,-0.9288306238534639,0
-0.004261770386160257,0.37345878959605155,-0.2811071123656323,0
-1.6163220914730383,0.3946656128136452,-0.8974691545161234,0
0.9133725662325242,0.4229413771037701,1.5102555501512496,0
0.36066617043130883,0.40526902442244206,-0.3769779331880091,0
-1.6269510606230617,0.4264758476400357,-0.9158295084003258,0
-0.7695475491878431,0.41940690656750446,-0.6806805165928514,0
1.6042555609840434,0.43707925924883256,-0.06414479541913125,0
-0.07866455443632386,0.4618205530026918,-0.6364543938920526,0
-1.6623809577898063,0.4618205530026918,-1.0084500503594183,0
-0.7589185800378196,0.48302737622028546,-0.001148932565090188,0
-0.1247234207530918,0.5113031405104104,-0.2687883073608933,0
0.9558884428326176,0.5113031405104104,1.010146802763505,0
1.6042555609840434,0.5325099637280041,-0.5846608280362776,0
0.8956576176491519,0.5925959628445194,-0.4394403533278474,0
-1.8253584847568314,0.6067338449895819,-0.05456763785250666,0
1.6007125712673689,0.5925959628445194,0.44041757834998485,0
-0.14598135905313855,0.6031993744533163,0.3857831198999652,0
-0.8687512612547278,0.6067338449895819,0.29503583026284225,0
-0.7518326006044708,0.6491474914247692,-0.4682586655393361,0
0.3429512218479365,0.6632853735698316,-0.7408727037861966,0
-0.3833616700703272,0.7622505485852689,0.5071103232698994,0
-0.7730905389045175,0.733974784295144,-0.1306142387377519,0
-0.30187290658681465,0.7481126664402064,-0.42853579179797346,0
0.3394082321312621,0.8400089003831123,1.5261347751321823,0
-1.6482089989231083,0.7763884307303313,-0.1669131545926011,0
0.9027435970825008,0.8258710182380499,-0.7132329278037624,0
0.8956576176491519,0.878888076282034,0.41442775308822477,0
-0.5463391970373522,0.9637153691524086,1.293007903380873,0
-0.20975517395327878,0.9142327816446901,-0.9033742413059073,0
-1.8253584847568314,0.9177672521809557,-0.3603543695360964,0
0.46695586193154254,0.9495774870073462,2.851566240903871,0
-1.761584669856691,0.9707843102249399,0.08840741519846375,0
1.3810472088335526,0.9990600745150647,-0.1482922821735553,0
-1.0033848704883572,1.0202668977326586,-0.6207860648678983,0
0.12328585941412021,1.1192320727480956,0.6231651277203833,0
0.4492409133481703,1.052077132559049,-0.8642220272122967,0
-0.16015331791983636,1.0838873673854394,0.8433156953075872,0
-0.5463391970373522,1.1121631316755645,0.32865512690215926,0
0.2650054480810985,1.0838873673854394,-0.8062752616764106,0
-0.046777646986253744,1.1121631316755645,1.0610843791476503,0
-1.031728788221753,1.1227665432843612,-0.9005209430671459,0
1.0798930829162237,1.143973366501955,-0.13803281415853094,0
-0.18495424593655757,1.1651801897195486,-0.10572851583794735,0
1.3279023630834357,1.1828525424008767,-0.3412992995589775,0
1.0338342165994556,1.2075938361547358,-0.9489525792589889,0
-0.1991262048032554,1.2252661888360639,-0.12508132128345836,0
-1.545462297139549,1.2358696004448608,-0.9310140172883422,0
-1.2478511609388947,1.278283246880048,0.4544855792315296,0
0.03825410621393323,1.295955599561376,0.23443425680045665,0
-1.6659239475064807,1.3206968933152354,-0.3237825295018872,0
0.2650054480810985,1.324231363851501,-1.0447241549252355,0
-0.37627569063697824,1.3772484218954852,1.6294861995979204,0
-0.03969166755290483,1.3525071281416259,-0.9988977040818264,0
1.2534995790332721,1.370179480822954,-0.6601491749182867,0
1.228698651016551,1.380782892431751,-1.075589398481922,0
-1.5738062148729448,1.3949207745768133,-0.7085932167546458,0
0.002824209047188657,1.4479378326207974,0.669996435769617,0
0.3287792629812387,1.508023831737313,-0.7025144509416329,0
-1.7261547726899464,1.5716443013900938,0.08190685747189438,0
1.6609433964508347,1.5292306549549066,-1.06181913306877,0
0.2650054480810985,1.5751787719263595,-0.9996544483973244,0
1.2853864864833422,1.60698900675275,-0.28789299991607703,0
0.4386119441981469,1.6317303005066093,0.42606424764456396,0
0.016996167913886487,1.5928511246076875,-0.5739919737522142,0
-0.5392532176040034,1.6211268888978125,-0.8256404727664384,0
0.97360339141599,1.6741439469417967,0.19373133714230217,0
0.3712951395813322,1.6776784174780621,-0.4570067459630039,0
-1.3009960066890116,1.6918162996231247,-0.6205875745556365,0
-0.7412036314544473,1.688281829086859,-1.0400968495206355,0
1.1578388566830617,1.7483678282033746,1.2444646163883826,0
-0.1920402253699065,1.7483678282033746,2.183112897429213,0
-1.2903670375389882,1.7554367692759056,0.26305407869968345,0
0.45632689278151917,1.7554367692759056,-0.2879302168496265,0
0.38192410873135557,1.7554367692759056,-0.7483905243631074,0
-0.6349139399542136,1.8225917094649522,1.538838155116927,0
0.4456979236314958,1.8261261800012176,0.12284548437586017,0
-1.651751988639783,1.8296606505374833,-0.6181560682304317,0
