remainder__V1,remainder__V2,remainder__V3,remainder__Class
291.0,802.0,0.538755,1
234.0,657.0,0.620512,1
331.0,697.0,0.443227,1
352.0,772.0,0.574208,1
41.0,808.0,0.758991,1
372.0,892.0,0.538957,1
447.0,951.0,0.747554,1
364.0,974.0,0.706127,1
359.0,957.0,0.478071,2
368.0,914.0,0.545971,1
230.0,811.0,0.607911,3
82.0,622.0,0.648503,4
118.0,654.0,0.615878,4
166.0,617.0,0.552156,3
349.0,725.0,0.71727,2
128.0,814.0,0.700652,4
464.0,794.0,0.640863,4
483.0,710.0,0.579615,2
546.0,974.0,0.713253,2
535.0,812.0,0.53229,2
945.0,841.0,0.65309,2
968.0,856.0,0.702069,3
805.0,573.0,0.690934,2
679.0,630.0,0.445181,3
978.0,132.0,0.661481,4
399.0,800.0,0.558922,3
423.0,800.0,0.565849,3
358.0,678.0,0.546654,3
255.0,721.0,0.495301,3
480.0,872.0,0.541334,3
278.0,16.0,0.356864,0
385.0,16.0,0.358185,0
411.0,20.0,0.429404,0
571.0,20.0,0.426795,0
600.0,19.0,0.382975,0
150.0,20.0,0.350395,0
235.0,24.0,0.359402,0
491.0,35.0,0.460969,0
678.0,24.0,0.358206,0
27.0,28.0,0.385505,0
978.0,24.0,0.350573,0
65.0,29.0,0.365609,0
850.0,29.0,0.418172,0
921.0,29.0,0.382838,0
456.0,34.0,0.350712,0
76.0,38.0,0.354757,0
321.0,47.0,0.411563,0
50.0,47.0,0.47039,0
422.0,46.0,0.385428,0
180.0,45.0,0.366417,0
280.0,54.0,0.3844,0
598.0,55.0,0.464171,0
956.0,52.0,0.367532,0
371.0,56.0,0.388185,0
385.0,58.0,0.430453,0
972.0,58.0,0.359789,0
348.0,64.0,0.401471,0
991.0,62.0,0.394432,0
221.0,67.0,0.416607,0
436.0,66.0,0.350279,0
529.0,68.0,0.409141,0
442.0,76.0,0.392559,0
275.0,78.0,0.425569,0
867.0,79.0,0.425862,0
714.0,80.0,0.357699,0
93.0,85.0,0.43429,0
401.0,91.0,0.469293,0
544.0,88.0,0.476876,0
368.0,88.0,0.450994,0
824.0,87.0,0.376478,0
458.0,89.0,0.381577,0
428.0,97.0,0.474584,0
729.0,95.0,0.379236,0
767.0,96.0,0.393812,0
697.0,128.0,0.457934,0
740.0,108.0,0.39649,0
163.0,112.0,0.365941,0
618.0,109.0,0.370582,0
20.0,112.0,0.407714,0
431.0,128.0,0.543306,0
532.0,113.0,0.373159,0
640.0,120.0,0.398297,0
476.0,122.0,0.37395,0
213.0,129.0,0.417187,0
179.0,127.0,0.369073,0
83.0,130.0,0.410601,0
760.0,129.0,0.373449,0
850.0,130.0,0.404216,0
634.0,131.0,0.353559,0
520.0,145.0,0.478074,0
407.0,147.0,0.414599,0
828.0,149.0,0.383783,0
168.0,158.0,0.433143,0
453.0,159.0,0.450049,0
203.0,161.0,0.513088,0
45.0,165.0,0.460279,0
109.0,165.0,0.457135,0
413.0,159.0,0.394279,0
794.0,164.0,0.425144,0
673.0,164.0,0.384158,0
733.0,170.0,0.432615,0
421.0,179.0,0.468555,0
308.0,175.0,0.362522,0
503.0,175.0,0.373316,0
128.0,178.0,0.354905,0
488.0,202.0,0.423611,0
222.0,185.0,0.530981,0
258.0,181.0,0.369289,0
606.0,186.0,0.413947,0
821.0,182.0,0.369456,0
551.0,188.0,0.412515,0
515.0,191.0,0.388791,0
580.0,188.0,0.356917,0
272.0,194.0,0.412044,0
906.0,193.0,0.392365,0
307.0,196.0,0.375504,0
813.0,205.0,0.449054,0
67.0,202.0,0.40724,0
552.0,202.0,0.363711,0
888.0,208.0,0.420624,0
256.0,218.0,0.47539,0
630.0,232.0,0.425493,0
931.0,210.0,0.40173,0
327.0,217.0,0.454978,0
413.0,231.0,0.546945,0
664.0,227.0,0.438414,0
297.0,228.0,0.440315,0
365.0,236.0,0.45058,0
965.0,234.0,0.434529,0
206.0,232.0,0.414693,0
836.0,230.0,0.351812,0
242.0,237.0,0.377342,0
740.0,234.0,0.361579,0
322.0,237.0,0.363306,0
887.0,247.0,0.381179,0
980.0,244.0,0.354538,0
490.0,250.0,0.390518,0
174.0,258.0,0.425351,0
986.0,248.0,0.354594,0
926.0,255.0,0.387932,0
421.0,257.0,0.404218,0
60.0,257.0,0.359761,0
276.0,260.0,0.354343,0
336.0,263.0,0.436227,0
130.0,262.0,0.391746,0
868.0,261.0,0.365664,0
652.0,266.0,0.395937,0
440.0,273.0,0.454332,0
399.0,278.0,0.48537,0
508.0,282.0,0.457684,0
907.0,272.0,0.38763,0
242.0,272.0,0.408428,0
956.0,288.0,0.442705,0
282.0,271.0,0.356445,0
54.0,280.0,0.395668,0
299.0,286.0,0.390916,0
37.0,292.0,0.403925,0
563.0,302.0,0.415309,0
140.0,295.0,0.405972,0
364.0,298.0,0.390391,0
75.0,298.0,0.371643,0
885.0,308.0,0.407694,0
320.0,314.0,0.442081,0
463.0,317.0,0.46031,0
142.0,311.0,0.387764,0
689.0,310.0,0.360867,0
764.0,314.0,0.398739,0
514.0,318.0,0.362685,0
84.0,324.0,0.40693,0
391.0,326.0,0.461678,0
428.0,331.0,0.377881,0
998.0,335.0,0.38341,0
115.0,332.0,0.408412,0
160.0,328.0,0.353874,0
773.0,330.0,0.364176,0
587.0,340.0,0.412785,0
711.0,341.0,0.412431,0
280.0,342.0,0.441387,0
403.0,350.0,0.486902,0
748.0,341.0,0.363869,0
317.0,354.0,0.385444,0
530.0,353.0,0.388678,0
791.0,352.0,0.393228,0
196.0,356.0,0.377046,0
904.0,361.0,0.407002,0
208.0,364.0,0.40429,0
602.0,368.0,0.399988,0
177.0,368.0,0.368978,0
359.0,371.0,0.40178,0
221.0,378.0,0.402369,0
338.0,375.0,0.372316,0
396.0,397.0,0.592282,0
920.0,386.0,0.409642,0
615.0,389.0,0.407726,0
819.0,385.0,0.358124,0
742.0,390.0,0.353731,0
76.0,393.0,0.359233,0
550.0,397.0,0.39971,0
871.0,409.0,0.365564,0
276.0,413.0,0.421483,0
455.0,414.0,0.428749,0
930.0,408.0,0.352753,0
32.0,422.0,0.495948,0
204.0,416.0,0.464607,0
557.0,417.0,0.425317,0
647.0,435.0,0.458751,0
390.0,419.0,0.359827,0
764.0,424.0,0.446532,0
611.0,422.0,0.362885,0
293.0,424.0,0.356408,0
857.0,438.0,0.388606,0
884.0,433.0,0.380319,0
235.0,434.0,0.364866,0
56.0,442.0,0.434657,0
487.0,438.0,0.37049,0
621.0,441.0,0.364654,0
250.0,447.0,0.409359,0
596.0,456.0,0.434455,0
342.0,449.0,0.376243,0
425.0,455.0,0.38844,0
79.0,462.0,0.536468,0
633.0,462.0,0.412746,0
498.0,460.0,0.353231,0
756.0,472.0,0.473119,0
444.0,469.0,0.35847,0
716.0,469.0,0.400613,0
277.0,480.0,0.521235,0
406.0,481.0,0.565353,0
354.0,471.0,0.372002,0
325.0,491.0,0.486662,0
105.0,483.0,0.483517,0
514.0,493.0,0.585346,0
917.0,484.0,0.37532,0
678.0,490.0,0.456908,0
633.0,502.0,0.438097,0
246.0,491.0,0.385356,0
467.0,492.0,0.392762,0
421.0,493.0,0.378316,0
123.0,503.0,0.449775,0
905.0,504.0,0.422945,0
211.0,505.0,0.414158,0
596.0,504.0,0.357892,0
842.0,506.0,0.400568,0
18.0,517.0,0.676627,0
197.0,523.0,0.440703,0
561.0,527.0,0.473666,0
451.0,539.0,0.441782,0
86.0,523.0,0.474016,0
621.0,544.0,0.442881,0
255.0,539.0,0.571497,0
934.0,544.0,0.46221,0
521.0,535.0,0.421966,0
760.0,536.0,0.389097,0
210.0,539.0,0.413579,0
173.0,542.0,0.360094,0
328.0,551.0,0.423127,0
727.0,548.0,0.423655,0
74.0,554.0,0.350231,0
165.0,561.0,0.470046,0
508.0,571.0,0.509858,0
550.0,563.0,0.371708,0
586.0,565.0,0.44871,0
139.0,578.0,0.538318,0
686.0,578.0,0.402063,0
601.0,580.0,0.372424,0
992.0,579.0,0.355997,0
273.0,582.0,0.37351,0
372.0,580.0,0.359252,0
649.0,587.0,0.395917,0
710.0,582.0,0.351296,0
764.0,583.0,0.365081,0
28.0,585.0,0.358841,0
766.0,591.0,0.364063,0
44.0,594.0,0.350751,0
98.0,594.0,0.380957,0
336.0,604.0,0.353034,0
674.0,607.0,0.373182,0
411.0,612.0,0.434142,0
777.0,616.0,0.408446,0
273.0,617.0,0.544767,0
552.0,621.0,0.466528,0
632.0,614.0,0.419838,0
726.0,626.0,0.394432,0
358.0,620.0,0.362953,0
428.0,625.0,0.496293,0
651.0,627.0,0.42066,0
130.0,634.0,0.406562,0
86.0,637.0,0.385548,0
452.0,638.0,0.381202,0
567.0,641.0,0.411984,0
284.0,645.0,0.373281,0
662.0,648.0,0.35851,0
860.0,646.0,0.354305,0
686.0,648.0,0.353387,0
926.0,678.0,0.486361,0
599.0,658.0,0.386639,0
780.0,658.0,0.388648,0
444.0,658.0,0.449005,0
18.0,666.0,0.657504,0
703.0,705.0,0.50477,0
76.0,666.0,0.356682,0
712.0,681.0,0.397217,0
554.0,686.0,0.480352,0
98.0,691.0,0.501802,0
271.0,689.0,0.443919,0
793.0,687.0,0.356111,0
486.0,690.0,0.355917,0
762.0,695.0,0.437642,0
28.0,690.0,0.36738,0
988.0,706.0,0.456241,0
628.0,702.0,0.399952,0
729.0,701.0,0.39008,0
35.0,704.0,0.361785,0
182.0,711.0,0.549392,0
116.0,710.0,0.392709,0
637.0,716.0,0.435104,0
813.0,714.0,0.373014,0
46.0,724.0,0.421624,0
288.0,719.0,0.356236,0
428.0,727.0,0.422425,0
570.0,721.0,0.410613,0
117.0,726.0,0.471025,0
941.0,724.0,0.410351,0
539.0,723.0,0.432149,0
24.0,729.0,0.359207,0
824.0,731.0,0.442899,0
945.0,740.0,0.368799,0
971.0,747.0,0.425343,0
38.0,761.0,0.590963,0
282.0,749.0,0.36746,0
72.0,748.0,0.354116,0
657.0,750.0,0.406505,0
789.0,764.0,0.412171,0
130.0,757.0,0.376838,0
853.0,761.0,0.433995,0
576.0,761.0,0.418529,0
665.0,762.0,0.389527,0
138.0,763.0,0.353303,0
138.0,772.0,0.437644,0
492.0,773.0,0.524052,0
698.0,777.0,0.415046,0
50.0,788.0,0.364337,0
638.0,797.0,0.433057,0
150.0,793.0,0.361633,0
598.0,793.0,0.389162,0
999.0,799.0,0.406209,0
729.0,804.0,0.462145,0
324.0,805.0,0.534541,0
690.0,802.0,0.358383,0
916.0,825.0,0.405734,0
192.0,822.0,0.569118,0
506.0,821.0,0.416119,0
746.0,826.0,0.441851,0
797.0,826.0,0.419895,0
855.0,824.0,0.366414,0
984.0,825.0,0.376507,0
823.0,826.0,0.370433,0
573.0,836.0,0.650303,0
553.0,839.0,0.384671,0
423.0,853.0,0.484139,0
576.0,856.0,0.399103,0
18.0,861.0,0.680432,0
152.0,861.0,0.386984,0
903.0,863.0,0.358355,0
836.0,869.0,0.411343,0
49.0,874.0,0.415645,0
890.0,879.0,0.409748,0
257.0,887.0,0.616951,0
148.0,881.0,0.402467,0
935.0,897.0,0.488319,0
318.0,902.0,0.429363,0
561.0,902.0,0.656538,0
77.0,908.0,0.450108,0
587.0,905.0,0.623457,0
147.0,907.0,0.417326,0
965.0,909.0,0.642207,0
277.0,911.0,0.532104,0
897.0,918.0,0.414165,0
431.0,919.0,0.493796,0
257.0,920.0,0.378082,0
596.0,922.0,0.351159,0
938.0,926.0,0.394161,0
18.0,928.0,0.353749,0
601.0,934.0,0.438639,0
684.0,931.0,0.393686,0
968.0,935.0,0.368885,0
529.0,944.0,0.527525,0
30.0,954.0,0.38165,0
189.0,954.0,0.360247,0
597.0,957.0,0.516878,0
978.0,952.0,0.350481,0
325.0,955.0,0.428588,0
81.0,959.0,0.410678,0
937.0,963.0,0.50045,0
113.0,967.0,0.448767,0
633.0,970.0,0.414087,0
203.0,982.0,0.452358,0
827.0,982.0,0.4711,0
334.0,987.0,0.473142,0
1001.0,980.0,0.459994,0
265.0,988.0,0.524229,0
300.0,991.0,0.415258,0
475.0,988.0,0.373349,0
960.0,988.0,0.354729,0
996.0,993.0,0.436629,0
855.0,993.0,0.406341,0
541.0,992.0,0.368769,0
64.0,995.0,0.366564,0
652.0,1002.0,0.49092,0
26.0,1002.0,0.429181,0
128.0,1000.0,0.354994,0
394.0,1005.0,0.462604,0
566.0,1001.0,0.361371,0
846.0,1007.0,0.431788,0
864.0,1008.0,0.361909,0
196.0,429.0,0.553461,1
46.0,306.0,0.452113,1
391.0,438.0,0.74653,2
360.0,101.0,0.573527,4
33.0,383.0,0.693338,4
237.0,268.0,0.617144,3
267.0,51.0,0.532571,3
147.0,113.0,0.533477,3
462.0,354.0,0.447392,3
274.0,627.0,0.593039,2
465.0,953.0,0.587349,2
268.0,746.0,0.716843,1
561.0,644.0,0.501305,4
752.0,585.0,0.592929,1
691.0,811.0,0.672942,3
974.0,788.0,0.617261,3
860.0,596.0,0.648914,3
732.0,759.0,0.619078,4
918.0,437.0,0.503898,2
931.0,448.0,0.522903,3
677.0,456.0,0.587277,4
708.0,382.0,0.644193,3
783.0,291.0,0.674081,3
798.0,313.0,0.542865,4
643.0,412.0,0.466414,4
478.0,472.0,0.648113,4
545.0,286.0,0.604337,4
306.0,303.0,0.468046,3
731.0,223.0,0.61222,1
938.0,182.0,0.605531,2
700.0,78.0,0.485286,2
648.0,108.0,0.61524,3
697.0,181.0,0.575316,3
147.0,16.0,0.538002,0
374.0,16.0,0.383205,0
640.0,18.0,0.417801,0
932.0,17.0,0.39056,0
400.0,22.0,0.366481,0
443.0,22.0,0.370593,0
777.0,26.0,0.396315,0
407.0,24.0,0.35735,0
934.0,26.0,0.351258,0
606.0,33.0,0.414059,0
983.0,35.0,0.363722,0
439.0,41.0,0.438466,0
834.0,38.0,0.372054,0
78.0,44.0,0.436277,0
945.0,43.0,0.384592,0
396.0,54.0,0.652807,0
222.0,51.0,0.366542,0
674.0,58.0,0.354433,0
1006.0,66.0,0.382505,0
136.0,68.0,0.42502,0
816.0,69.0,0.40914,0
981.0,80.0,0.460628,0
742.0,74.0,0.361495,0
158.0,80.0,0.351741,0
554.0,87.0,0.664204,0
100.0,92.0,0.403038,0
760.0,91.0,0.432749,0
711.0,98.0,0.378941,0
191.0,105.0,0.376444,0
616.0,113.0,0.356646,0
33.0,119.0,0.374838,0
509.0,120.0,0.378799,0
249.0,124.0,0.412599,0
454.0,128.0,0.354795,0
64.0,136.0,0.474157,0
973.0,138.0,0.39641,0
40.0,152.0,0.452846,0
405.0,142.0,0.466938,0
272.0,145.0,0.399517,0
547.0,147.0,0.453864,0
238.0,148.0,0.366266,0
752.0,148.0,0.351564,0
426.0,163.0,0.470037,0
850.0,164.0,0.407661,0
172.0,177.0,0.475894,0
209.0,172.0,0.459826,0
536.0,169.0,0.362827,0
612.0,169.0,0.386068,0
67.0,185.0,0.391635,0
217.0,198.0,0.44908,0
480.0,184.0,0.364705,0
299.0,190.0,0.373041,0
1002.0,200.0,0.419328,0
330.0,201.0,0.507814,0
786.0,200.0,0.389778,0
72.0,213.0,0.370766,0
419.0,225.0,0.478889,0
194.0,217.0,0.630483,0
918.0,215.0,0.46412,0
458.0,224.0,0.352637,0
480.0,230.0,0.492096,0
601.0,233.0,0.39417,0
305.0,239.0,0.403339,0
344.0,240.0,0.370919,0
518.0,241.0,0.359914,0
447.0,244.0,0.409045,0
121.0,254.0,0.459597,0
725.0,246.0,0.356054,0
750.0,247.0,0.387935,0
44.0,248.0,0.351553,0
234.0,249.0,0.381647,0
358.0,249.0,0.400484,0
666.0,254.0,0.355432,0
538.0,257.0,0.378991,0
966.0,279.0,0.53501,0
313.0,263.0,0.448865,0
678.0,263.0,0.361142,0
602.0,270.0,0.37746,0
650.0,280.0,0.450051,0
460.0,272.0,0.359222,0
57.0,291.0,0.508295,0
375.0,288.0,0.382453,0
926.0,297.0,0.458033,0
426.0,308.0,0.439832,0
673.0,307.0,0.396046,0
499.0,308.0,0.440368,0
183.0,315.0,0.40137,0
134.0,317.0,0.56182,0
877.0,317.0,0.419746,0
224.0,318.0,0.352687,0
96.0,320.0,0.360782,0
373.0,322.0,0.397091,0
929.0,327.0,0.478146,0
390.0,324.0,0.352923,0
694.0,325.0,0.361832,0
131.0,335.0,0.411251,0
892.0,338.0,0.478041,0
96.0,338.0,0.401726,0
331.0,347.0,0.509344,0
280.0,354.0,0.43368,0
928.0,351.0,0.358856,0
902.0,354.0,0.35529,0
409.0,358.0,0.378164,0
625.0,368.0,0.379728,0
242.0,385.0,0.532214,0
323.0,385.0,0.460095,0
928.0,384.0,0.422373,0
108.0,379.0,0.398521,0
562.0,403.0,0.535851,0
490.0,394.0,0.445052,0
268.0,395.0,0.369663,0
70.0,397.0,0.369349,0
147.0,396.0,0.373416,0
941.0,401.0,0.429373,0
744.0,404.0,0.423762,0
262.0,415.0,0.377222,0
614.0,425.0,0.494788,0
796.0,418.0,0.358855,0
957.0,432.0,0.536223,0
575.0,426.0,0.377827,0
256.0,432.0,0.450672,0
58.0,493.0,0.48352,0
682.0,441.0,0.377814,0
448.0,448.0,0.361379,0
851.0,453.0,0.362238,0
237.0,460.0,0.473221,0
868.0,484.0,0.560879,0
96.0,467.0,0.358688,0
118.0,475.0,0.493507,0
914.0,475.0,0.354235,0
511.0,480.0,0.389456,0
267.0,486.0,0.399814,0
96.0,486.0,0.357564,0
652.0,488.0,0.35032,0
288.0,499.0,0.397894,0
31.0,502.0,0.378078,0
18.0,503.0,0.359037,0
265.0,513.0,0.573819,0
86.0,510.0,0.360725,0
381.0,520.0,0.407773,0
801.0,520.0,0.390949,0
90.0,527.0,0.50025,0
619.0,533.0,0.406289,0
598.0,528.0,0.352285,0
767.0,534.0,0.387652,0
410.0,533.0,0.368197,0
598.0,534.0,0.351003,0
306.0,542.0,0.387117,0
906.0,542.0,0.359917,0
204.0,565.0,0.513854,0
963.0,552.0,0.420546,0
174.0,548.0,0.355448,0
330.0,551.0,0.385798,0
394.0,551.0,0.375212,0
922.0,564.0,0.475738,0
68.0,562.0,0.387614,0
765.0,567.0,0.48585,0
672.0,567.0,0.589742,0
806.0,562.0,0.354579,0
983.0,584.0,0.507823,0
551.0,571.0,0.404506,0
70.0,576.0,0.372279,0
122.0,588.0,0.423984,0
409.0,581.0,0.410077,0
323.0,581.0,0.358541,0
574.0,582.0,0.372324,0
606.0,589.0,0.390542,0
18.0,598.0,0.461104,0
79.0,618.0,0.459748,0
229.0,593.0,0.429452,0
946.0,600.0,0.371604,0
805.0,601.0,0.399131,0
620.0,607.0,0.469084,0
241.0,620.0,0.476779,0
145.0,610.0,0.396442,0
500.0,663.0,0.538365,0
424.0,611.0,0.409211,0
341.0,612.0,0.391459,0
810.0,612.0,0.356707,0
957.0,617.0,0.45143,0
38.0,616.0,0.3611,0
400.0,622.0,0.382025,0
920.0,626.0,0.457794,0
634.0,632.0,0.367356,0
798.0,629.0,0.480499,0
586.0,638.0,0.44806,0
972.0,634.0,0.35493,0
458.0,636.0,0.359113,0
440.0,643.0,0.371342,0
983.0,647.0,0.36882,0
270.0,660.0,0.455561,0
229.0,660.0,0.500714,0
651.0,661.0,0.442216,0
939.0,655.0,0.578425,0
330.0,658.0,0.368455,0
618.0,666.0,0.491144,0
100.0,666.0,0.382854,0
434.0,670.0,0.421231,0
565.0,755.0,0.604594,0
193.0,673.0,0.363135,0
573.0,672.0,0.357345,0
68.0,680.0,0.404954,0
242.0,687.0,0.540098,0
626.0,684.0,0.410385,0
489.0,689.0,0.526557,0
401.0,704.0,0.444786,0
352.0,692.0,0.371264,0
673.0,691.0,0.377224,0
730.0,697.0,0.393607,0
104.0,704.0,0.473068,0
326.0,698.0,0.359842,0
22.0,700.0,0.375034,0
772.0,719.0,0.486924,0
886.0,704.0,0.353676,0
289.0,715.0,0.445496,0
646.0,708.0,0.409489,0
682.0,709.0,0.389183,0
143.0,710.0,0.353023,0
896.0,718.0,0.352451,0
148.0,723.0,0.409228,0
198.0,723.0,0.383944,0
598.0,726.0,0.38821,0
264.0,726.0,0.37158,0
655.0,736.0,0.428331,0
912.0,732.0,0.373234,0
533.0,759.0,0.449917,0
932.0,736.0,0.355141,0
807.0,745.0,0.475982,0
26.0,744.0,0.398225,0
113.0,755.0,0.483234,0
304.0,746.0,0.351419,0
354.0,749.0,0.399479,0
66.0,755.0,0.410492,0
672.0,750.0,0.41576,0
462.0,778.0,0.564174,0
246.0,762.0,0.484935,0
818.0,767.0,0.425564,0
361.0,765.0,0.385741,0
324.0,766.0,0.377448,0
405.0,775.0,0.488572,0
195.0,766.0,0.359772,0
358.0,774.0,0.352963,0
64.0,778.0,0.399792,0
652.0,783.0,0.517508,0
96.0,785.0,0.355419,0
780.0,784.0,0.350351,0
331.0,791.0,0.406094,0
724.0,795.0,0.396265,0
913.0,794.0,0.383088,0
362.0,794.0,0.350191,0
67.0,798.0,0.372548,0
198.0,801.0,0.382514,0
644.0,818.0,0.504381,0
120.0,810.0,0.423255,0
69.0,810.0,0.370494,0
918.0,813.0,0.372363,0
379.0,834.0,0.448431,0
206.0,822.0,0.382549,0
172.0,825.0,0.367206,0
127.0,830.0,0.380276,0
434.0,831.0,0.480223,0
706.0,838.0,0.406458,0
610.0,852.0,0.510777,0
990.0,846.0,0.450709,0
35.0,848.0,0.415261,0
181.0,855.0,0.464331,0
310.0,846.0,0.489244,0
579.0,849.0,0.453566,0
762.0,845.0,0.355878,0
64.0,848.0,0.413886,0
887.0,852.0,0.375329,0
451.0,850.0,0.360295,0
645.0,859.0,0.687238,0
94.0,860.0,0.409005,0
346.0,872.0,0.478711,0
450.0,867.0,0.467427,0
557.0,872.0,0.507407,0
876.0,917.0,0.567732,0
134.0,901.0,0.472075,0
413.0,886.0,0.478651,0
98.0,876.0,0.351068,0
760.0,877.0,0.369255,0
503.0,884.0,0.459023,0
599.0,879.0,0.376394,0
626.0,885.0,0.393934,0
644.0,880.0,0.353082,0
898.0,893.0,0.408619,0
989.0,890.0,0.3811,0
232.0,891.0,0.360391,0
670.0,890.0,0.355708,0
797.0,895.0,0.372433,0
946.0,893.0,0.356123,0
767.0,902.0,0.44537,0
575.0,904.0,0.516952,0
67.0,918.0,0.448529,0
247.0,923.0,0.469145,0
360.0,904.0,0.393733,0
506.0,908.0,0.487166,0
533.0,907.0,0.382187,0
724.0,912.0,0.402855,0
842.0,913.0,0.371573,0
272.0,915.0,0.451987,0
104.0,916.0,0.400808,0
669.0,917.0,0.565722,0
542.0,927.0,0.456251,0
396.0,929.0,0.423579,0
192.0,922.0,0.35543,0
466.0,927.0,0.366851,0
204.0,938.0,0.429096,0
821.0,930.0,0.368399,0
918.0,937.0,0.422703,0
166.0,950.0,0.557587,0
683.0,937.0,0.391384,0
364.0,937.0,0.35955,0
104.0,938.0,0.351239,0
30.0,944.0,0.353025,0
106.0,960.0,0.530346,0
651.0,952.0,0.382564,0
745.0,949.0,0.360808,0
949.0,952.0,0.381405,0
559.0,955.0,0.405786,0
750.0,959.0,0.361232,0
69.0,962.0,0.381761,0
38.0,962.0,0.35625,0
653.0,967.0,0.388927,0
220.0,979.0,0.441919,0
624.0,965.0,0.442995,0
44.0,966.0,0.351318,0
349.0,970.0,0.412493,0
922.0,968.0,0.375772,0
828.0,971.0,0.446038,0
75.0,974.0,0.389925,0
287.0,977.0,0.403649,0
488.0,980.0,0.535716,0
696.0,978.0,0.393165,0
928.0,992.0,0.506596,0
260.0,982.0,0.441424,0
762.0,983.0,0.385384,0
128.0,980.0,0.366645,0
584.0,983.0,0.384756,0
680.0,985.0,0.387021,0
697.0,1000.0,0.453586,0
975.0,1002.0,0.430623,0
293.0,996.0,0.369805,0
778.0,1003.0,0.446514,0
89.0,1003.0,0.429655,0
472.0,996.0,0.38621,0
559.0,1003.0,0.457328,0
269.0,1004.0,0.436791,0
338.0,1003.0,0.438268,0
836.0,1004.0,0.400133,0
41.0,1008.0,0.502303,0
194.0,297.0,0.67967,1
306.0,490.0,0.55378,1
377.0,401.0,0.534158,1
114.0,384.0,0.681525,1
447.0,454.0,0.559628,1
91.0,457.0,0.649742,4
170.0,268.0,0.720684,2
348.0,431.0,0.649885,2
391.0,426.0,0.581204,2
389.0,503.0,0.57652,4
230.0,537.0,0.661288,1
160.0,564.0,0.722973,4
292.0,585.0,0.741425,2
83.0,428.0,0.595185,4
111.0,511.0,0.636479,4
150.0,498.0,0.367386,4
405.0,620.0,0.757134,1
475.0,646.0,0.469987,1
405.0,708.0,0.5637,1
327.0,722.0,0.614667,1
330.0,674.0,0.571793,1
125.0,829.0,0.688223,3
262.0,662.0,0.675449,4
239.0,678.0,0.612219,4
220.0,734.0,0.607646,4
26.0,831.0,0.638394,4
392.0,850.0,0.569983,4
372.0,760.0,0.412743,4
227.0,917.0,0.627174,3
520.0,806.0,0.709196,2
535.0,834.0,0.653871,2
663.0,842.0,0.501043,3
471.0,733.0,0.591949,4
537.0,772.0,0.502481,4
808.0,776.0,0.580726,2
817.0,586.0,0.592893,2
773.0,630.0,0.737817,2
836.0,646.0,0.450816,1
883.0,672.0,0.730142,3
854.0,958.0,0.655668,4
870.0,829.0,0.526838,4
729.0,796.0,0.65582,4
1000.0,1003.0,0.499692,4
813.0,715.0,0.437572,4
966.0,613.0,0.685751,3
931.0,324.0,0.599873,1
957.0,303.0,0.453397,1
880.0,452.0,0.595445,2
548.0,476.0,0.670928,3
641.0,435.0,0.554267,4
740.0,509.0,0.703346,4
880.0,361.0,0.69381,3
635.0,323.0,0.666719,3
671.0,350.0,0.455277,3
732.0,367.0,0.779366,4
601.0,304.0,0.751886,4
852.0,208.0,0.497945,1
962.0,261.0,0.615778,3
689.0,66.0,0.491846,2
623.0,231.0,0.62091,4
805.0,303.0,0.490602,3
523.0,550.0,0.437067,3
363.0,955.0,0.434882,4
166.0,16.0,0.35753,0
215.0,18.0,0.484639,0
575.0,27.0,0.534858,0
603.0,16.0,0.368481,0
638.0,24.0,0.41853,0
678.0,18.0,0.415011,0
505.0,23.0,0.428444,0
532.0,21.0,0.373844,0
75.0,24.0,0.376841,0
184.0,28.0,0.389698,0
741.0,28.0,0.391902,0
385.0,32.0,0.361503,0
723.0,32.0,0.362501,0
269.0,33.0,0.388963,0
608.0,36.0,0.369998,0
48.0,35.0,0.359816,0
958.0,35.0,0.367828,0
515.0,37.0,0.375215,0
985.0,39.0,0.413076,0
640.0,47.0,0.429727,0
866.0,38.0,0.362308,0
920.0,39.0,0.372202,0
44.0,45.0,0.421702,0
394.0,44.0,0.355866,0
426.0,47.0,0.41427,0
520.0,44.0,0.351421,0
816.0,46.0,0.367695,0
403.0,53.0,0.391281,0
528.0,56.0,0.46884,0
61.0,54.0,0.397506,0
198.0,54.0,0.363384,0
624.0,66.0,0.469035,0
897.0,87.0,0.478786,0
278.0,56.0,0.353426,0
37.0,67.0,0.424081,0
581.0,81.0,0.497946,0
722.0,64.0,0.383368,0
345.0,64.0,0.382044,0
148.0,72.0,0.429089,0
64.0,97.0,0.50962,0
459.0,68.0,0.376788,0
649.0,72.0,0.454244,0
358.0,70.0,0.351007,0
417.0,72.0,0.397187,0
544.0,81.0,0.452164,0
726.0,84.0,0.423612,0
927.0,84.0,0.369097,0
16.0,87.0,0.482495,0
655.0,92.0,0.366895,0
518.0,95.0,0.361442,0
209.0,103.0,0.440677,0
90.0,104.0,0.430857,0
746.0,112.0,0.444578,0
416.0,113.0,0.380206,0
120.0,117.0,0.394751,0
476.0,118.0,0.418832,0
618.0,118.0,0.379302,0
686.0,128.0,0.43924,0
952.0,122.0,0.374678,0
651.0,151.0,0.520815,0
782.0,128.0,0.422171,0
937.0,149.0,0.536258,0
755.0,131.0,0.361796,0
52.0,132.0,0.38043,0
231.0,140.0,0.378597,0
598.0,135.0,0.366247,0
885.0,140.0,0.384295,0
616.0,153.0,0.439174,0
793.0,148.0,0.411281,0
968.0,147.0,0.361472,0
41.0,157.0,0.447983,0
74.0,152.0,0.393645,0
827.0,155.0,0.380317,0
974.0,157.0,0.392498,0
743.0,173.0,0.468095,0
127.0,167.0,0.409788,0
629.0,172.0,0.518257,0
905.0,172.0,0.403944,0
716.0,175.0,0.4401,0
269.0,175.0,0.415354,0
803.0,177.0,0.379899,0
959.0,180.0,0.38539,0
603.0,182.0,0.380539,0
905.0,187.0,0.394896,0
773.0,197.0,0.411282,0
674.0,207.0,0.446121,0
549.0,207.0,0.409658,0
721.0,215.0,0.367276,0
458.0,217.0,0.37007,0
601.0,222.0,0.378572,0
834.0,226.0,0.402793,0
862.0,226.0,0.409591,0
991.0,228.0,0.361807,0
346.0,238.0,0.388755,0
731.0,248.0,0.565056,0
130.0,248.0,0.370443,0
312.0,255.0,0.518187,0
882.0,255.0,0.416912,0
628.0,256.0,0.378899,0
841.0,254.0,0.352613,0
355.0,267.0,0.556282,0
79.0,279.0,0.409075,0
735.0,278.0,0.480038,0
529.0,288.0,0.369979,0
540.0,291.0,0.41503,0
16.0,293.0,0.498043,0
856.0,296.0,0.412223,0
754.0,301.0,0.607642,0
929.0,303.0,0.422043,0
24.0,310.0,0.463034,0
304.0,311.0,0.507608,0
101.0,312.0,0.362141,0
679.0,313.0,0.382786,0
145.0,315.0,0.411234,0
222.0,314.0,0.368539,0
354.0,337.0,0.416522,0
110.0,338.0,0.435082,0
927.0,341.0,0.468838,0
710.0,341.0,0.399282,0
915.0,343.0,0.376111,0
991.0,352.0,0.395018,0
108.0,358.0,0.350177,0
120.0,358.0,0.374398,0
36.0,372.0,0.423985,0
982.0,367.0,0.362404,0
665.0,372.0,0.571561,0
88.0,381.0,0.512839,0
914.0,389.0,0.619202,0
737.0,395.0,0.556105,0
660.0,398.0,0.427763,0
340.0,405.0,0.412802,0
888.0,425.0,0.436998,0
782.0,434.0,0.359111,0
728.0,440.0,0.355802,0
822.0,440.0,0.35065,0
678.0,444.0,0.362882,0
789.0,448.0,0.370979,0
905.0,456.0,0.476006,0
544.0,456.0,0.404189,0
315.0,462.0,0.519211,0
684.0,464.0,0.41775,0
923.0,470.0,0.366703,0
957.0,472.0,0.392565,0
135.0,473.0,0.385906,0
101.0,487.0,0.45574,0
1004.0,487.0,0.508293,0
168.0,491.0,0.370169,0
869.0,493.0,0.510051,0
952.0,508.0,0.607766,0
333.0,507.0,0.546427,0
786.0,513.0,0.592076,0
521.0,504.0,0.385008,0
697.0,511.0,0.570736,0
1000.0,510.0,0.406426,0
719.0,524.0,0.371548,0
128.0,526.0,0.353188,0
700.0,532.0,0.542963,0
149.0,540.0,0.378788,0
752.0,544.0,0.62677,0
682.0,553.0,0.469255,0
356.0,548.0,0.435261,0
714.0,552.0,0.377058,0
834.0,550.0,0.354675,0
230.0,554.0,0.436073,0
902.0,559.0,0.521821,0
705.0,566.0,0.472543,0
730.0,566.0,0.438146,0
429.0,580.0,0.46448,0
862.0,577.0,0.392658,0
134.0,579.0,0.380347,0
937.0,586.0,0.49519,0
156.0,586.0,0.35144,0
257.0,595.0,0.499383,0
588.0,594.0,0.366318,0
134.0,597.0,0.379005,0
413.0,598.0,0.390332,0
603.0,606.0,0.527734,0
892.0,604.0,0.409613,0
850.0,615.0,0.365953,0
911.0,618.0,0.379323,0
477.0,628.0,0.458315,0
751.0,625.0,0.376619,0
970.0,631.0,0.36916,0
1002.0,640.0,0.472277,0
416.0,645.0,0.648826,0
58.0,647.0,0.390034,0
515.0,650.0,0.380665,0
579.0,655.0,0.435376,0
664.0,658.0,0.393237,0
488.0,666.0,0.616405,0
62.0,661.0,0.380481,0
122.0,662.0,0.352441,0
539.0,672.0,0.440141,0
712.0,687.0,0.459221,0
789.0,685.0,0.380717,0
584.0,689.0,0.436989,0
894.0,690.0,0.379461,0
944.0,693.0,0.403352,0
554.0,700.0,0.506039,0
728.0,701.0,0.471994,0
794.0,702.0,0.358541,0
854.0,713.0,0.424887,0
913.0,716.0,0.488142,0
666.0,716.0,0.37241,0
1002.0,716.0,0.356053,0
661.0,729.0,0.371579,0
329.0,739.0,0.557257,0
99.0,739.0,0.471929,0
240.0,747.0,0.381868,0
266.0,760.0,0.419547,0
708.0,770.0,0.380453,0
506.0,781.0,0.450381,0
167.0,780.0,0.355489,0
596.0,788.0,0.477283,0
340.0,792.0,0.356821,0
823.0,801.0,0.44919,0
606.0,800.0,0.354243,0
711.0,810.0,0.430778,0
346.0,826.0,0.411921,0
64.0,832.0,0.356728,0
376.0,834.0,0.412073,0
828.0,834.0,0.350636,0
875.0,848.0,0.374766,0
913.0,852.0,0.650754,0
842.0,852.0,0.36053,0
718.0,862.0,0.3921,0
299.0,870.0,0.391349,0
316.0,887.0,0.369529,0
832.0,888.0,0.355641,0
716.0,913.0,0.537165,0
469.0,914.0,0.374038,0
482.0,925.0,0.477266,0
746.0,936.0,0.480167,0
503.0,950.0,0.372834,0
998.0,954.0,0.357085,0
525.0,960.0,0.39394,0
785.0,960.0,0.445002,0
549.0,968.0,0.409248,0
805.0,978.0,0.370997,0
52.0,211.0,0.683441,1
76.0,348.0,0.563385,2
212.0,397.0,0.710846,4
193.0,380.0,0.438079,4
55.0,444.0,0.671041,3
446.0,260.0,0.539686,3
97.0,486.0,0.747714,4
237.0,472.0,0.710848,1
370.0,711.0,0.558378,1
418.0,718.0,0.710943,1
323.0,708.0,0.618776,2
296.0,713.0,0.575805,2
122.0,635.0,0.38112,3
321.0,875.0,0.671464,1
149.0,830.0,0.749112,1
364.0,944.0,0.539643,3
281.0,995.0,0.490146,3
508.0,944.0,0.431715,3
533.0,856.0,0.480615,2
570.0,846.0,0.637672,3
447.0,837.0,0.542529,4
713.0,936.0,0.490479,2
927.0,871.0,0.519014,3
595.0,509.0,0.698504,4
709.0,117.0,0.684257,3
548.0,476.0,0.501958,3
805.0,33.0,0.464508,0
101.0,20.0,0.505066,0
292.0,27.0,0.509467,0
486.0,23.0,0.382843,0
732.0,30.0,0.483672,0
866.0,25.0,0.449456,0
948.0,16.0,0.351109,0
360.0,27.0,0.478354,0
983.0,21.0,0.377747,0
34.0,20.0,0.356146,0
666.0,26.0,0.362739,0
839.0,30.0,0.390915,0
898.0,29.0,0.47265,0
163.0,31.0,0.372917,0
458.0,30.0,0.355329,0
964.0,35.0,0.490552,0
114.0,40.0,0.426463,0
44.0,38.0,0.362865,0
301.0,49.0,0.405963,0
169.0,48.0,0.393366,0
344.0,49.0,0.48406,0
417.0,53.0,0.364976,0
381.0,71.0,0.432468,0
65.0,60.0,0.39979,0
769.0,73.0,0.56529,0
386.0,60.0,0.356842,0
551.0,63.0,0.417595,0
471.0,63.0,0.397566,0
899.0,69.0,0.425193,0
347.0,68.0,0.378975,0
163.0,114.0,0.587406,0
251.0,80.0,0.407116,0
863.0,149.0,0.565935,0
303.0,80.0,0.357405,0
353.0,85.0,0.39413,0
425.0,81.0,0.365752,0
664.0,82.0,0.352697,0
562.0,95.0,0.356369,0
959.0,95.0,0.399435,0
870.0,96.0,0.373303,0
98.0,100.0,0.355448,0
927.0,103.0,0.437555,0
263.0,105.0,0.405511,0
315.0,106.0,0.482866,0
451.0,115.0,0.443159,0
792.0,113.0,0.479361,0
96.0,114.0,0.38658,0
236.0,109.0,0.391385,0
883.0,121.0,0.500426,0
375.0,120.0,0.395918,0
427.0,118.0,0.389523,0
968.0,114.0,0.393678,0
274.0,121.0,0.521609,0
643.0,125.0,0.441122,0
996.0,128.0,0.406194,0
463.0,129.0,0.36844,0
556.0,130.0,0.447314,0
813.0,141.0,0.498355,0
978.0,140.0,0.39961,0
319.0,144.0,0.407142,0
385.0,139.0,0.3588,0
436.0,138.0,0.351613,0
667.0,140.0,0.40937,0
113.0,145.0,0.408533,0
265.0,153.0,0.416107,0
396.0,158.0,0.430382,0
487.0,149.0,0.412513,0
593.0,156.0,0.411988,0
906.0,173.0,0.518904,0
32.0,162.0,0.567432,0
930.0,162.0,0.397455,0
456.0,165.0,0.426957,0
956.0,167.0,0.419522,0
503.0,169.0,0.419464,0
828.0,173.0,0.507836,0
211.0,187.0,0.525565,0
291.0,179.0,0.435989,0
332.0,176.0,0.351838,0
469.0,186.0,0.503053,0
939.0,182.0,0.374962,0
138.0,184.0,0.382488,0
529.0,201.0,0.46969,0
182.0,190.0,0.376871,0
422.0,193.0,0.376462,0
957.0,204.0,0.392461,0
312.0,203.0,0.360886,0
482.0,211.0,0.429582,0
98.0,209.0,0.425548,0
160.0,207.0,0.359175,0
930.0,211.0,0.468219,0
347.0,212.0,0.417454,0
130.0,220.0,0.436988,0
314.0,212.0,0.353439,0
316.0,219.0,0.367603,0
628.0,221.0,0.455198,0
984.0,250.0,0.510189,0
238.0,226.0,0.443304,0
193.0,236.0,0.513044,0
396.0,233.0,0.497869,0
938.0,229.0,0.364184,0
545.0,234.0,0.540401,0
731.0,230.0,0.388636,0
72.0,230.0,0.378174,0
160.0,236.0,0.362701,0
261.0,239.0,0.488359,0
170.0,250.0,0.393509,0
343.0,246.0,0.367115,0
904.0,255.0,0.452374,0
134.0,258.0,0.456982,0
578.0,254.0,0.496954,0
746.0,266.0,0.414629,0
278.0,282.0,0.455128,0
600.0,257.0,0.367783,0
553.0,287.0,0.475573,0
382.0,274.0,0.497831,0
594.0,273.0,0.350753,0
677.0,274.0,0.379516,0
155.0,279.0,0.395844,0
184.0,278.0,0.433343,0
239.0,280.0,0.416498,0
334.0,277.0,0.380163,0
59.0,293.0,0.457451,0
396.0,290.0,0.409274,0
765.0,290.0,0.36135,0
927.0,290.0,0.418388,0
219.0,299.0,0.387832,0
595.0,296.0,0.364108,0
987.0,297.0,0.412648,0
348.0,297.0,0.374806,0
693.0,306.0,0.428057,0
197.0,300.0,0.383506,0
784.0,311.0,0.462275,0
955.0,343.0,0.476069,0
85.0,309.0,0.469128,0
161.0,305.0,0.386648,0
254.0,310.0,0.356788,0
996.0,314.0,0.390053,0
625.0,317.0,0.424286,0
136.0,317.0,0.363044,0
20.0,319.0,0.356004,0
226.0,323.0,0.389429,0
288.0,331.0,0.431488,0
430.0,327.0,0.367281,0
650.0,329.0,0.358157,0
394.0,337.0,0.3591,0
467.0,340.0,0.466108,0
567.0,340.0,0.443229,0
811.0,347.0,0.50633,0
239.0,339.0,0.400929,0
405.0,342.0,0.376188,0
429.0,374.0,0.522846,0
303.0,354.0,0.365167,0
276.0,356.0,0.358263,0
247.0,358.0,0.365332,0
310.0,367.0,0.402743,0
226.0,368.0,0.366899,0
515.0,366.0,0.352762,0
827.0,384.0,0.516777,0
477.0,374.0,0.473817,0
300.0,394.0,0.532747,0
338.0,376.0,0.407615,0
557.0,379.0,0.490867,0
254.0,378.0,0.415818,0
932.0,382.0,0.392275,0
882.0,386.0,0.371092,0
346.0,393.0,0.444662,0
583.0,419.0,0.501731,0
890.0,398.0,0.461733,0
506.0,404.0,0.375979,0
450.0,413.0,0.437462,0
145.0,416.0,0.412438,0
703.0,411.0,0.363437,0
365.0,419.0,0.454744,0
864.0,420.0,0.431188,0
328.0,424.0,0.437772,0
539.0,426.0,0.386198,0
616.0,437.0,0.496241,0
241.0,435.0,0.482415,0
429.0,473.0,0.60103,0
470.0,434.0,0.373695,0
885.0,452.0,0.488367,0
346.0,475.0,0.505364,0
338.0,440.0,0.352248,0
372.0,454.0,0.486604,0
433.0,453.0,0.382773,0
492.0,483.0,0.466309,0
834.0,473.0,0.36376,0
961.0,474.0,0.391332,0
680.0,481.0,0.497986,0
512.0,484.0,0.354492,0
646.0,484.0,0.350446,0
907.0,496.0,0.50946,0
882.0,519.0,0.508369,0
770.0,510.0,0.394817,0
696.0,511.0,0.512258,0
421.0,539.0,0.486368,0
966.0,506.0,0.366565,0
290.0,508.0,0.357915,0
524.0,511.0,0.390693,0
642.0,512.0,0.385878,0
805.0,517.0,0.408068,0
976.0,525.0,0.475104,0
532.0,525.0,0.45015,0
383.0,531.0,0.408959,0
737.0,558.0,0.474803,0
782.0,536.0,0.469283,0
665.0,534.0,0.45481,0
169.0,534.0,0.382774,0
610.0,537.0,0.42041,0
995.0,540.0,0.409275,0
473.0,538.0,0.354616,0
704.0,539.0,0.380027,0
946.0,563.0,0.478837,0
172.0,544.0,0.364523,0
309.0,547.0,0.364186,0
26.0,554.0,0.440268,0
178.0,553.0,0.403147,0
907.0,571.0,0.556723,0
550.0,558.0,0.367633,0
313.0,564.0,0.453446,0
842.0,566.0,0.350446,0
486.0,633.0,0.52575,0
633.0,572.0,0.394327,0
866.0,584.0,0.42729,0
649.0,581.0,0.411068,0
745.0,590.0,0.453462,0
58.0,595.0,0.381514,0
987.0,615.0,0.520239,0
604.0,596.0,0.365528,0
706.0,602.0,0.376861,0
958.0,606.0,0.394151,0
128.0,605.0,0.357347,0
803.0,606.0,0.385446,0
287.0,613.0,0.447702,0
187.0,610.0,0.371053,0
854.0,615.0,0.442992,0
73.0,618.0,0.381081,0
604.0,618.0,0.394941,0
714.0,623.0,0.374199,0
243.0,630.0,0.38824,0
608.0,631.0,0.379022,0
865.0,629.0,0.371321,0
148.0,637.0,0.381648,0
171.0,635.0,0.456719,0
875.0,644.0,0.441534,0
619.0,644.0,0.455213,0
755.0,644.0,0.388806,0
100.0,657.0,0.45684,0
254.0,651.0,0.350653,0
442.0,657.0,0.609152,0
987.0,654.0,0.356245,0
56.0,665.0,0.421733,0
223.0,660.0,0.425991,0
133.0,669.0,0.518922,0
771.0,673.0,0.485557,0
952.0,672.0,0.368175,0
634.0,672.0,0.494251,0
1000.0,670.0,0.375635,0
162.0,678.0,0.434927,0
890.0,675.0,0.378591,0
115.0,679.0,0.411108,0
340.0,674.0,0.359479,0
68.0,678.0,0.38983,0
848.0,682.0,0.400515,0
320.0,683.0,0.37962,0
572.0,685.0,0.369152,0
898.0,689.0,0.400001,0
545.0,700.0,0.464246,0
172.0,705.0,0.441297,0
144.0,712.0,0.474634,0
735.0,701.0,0.398308,0
635.0,710.0,0.381938,0
489.0,719.0,0.381769,0
180.0,720.0,0.363854,0
91.0,723.0,0.426376,0
744.0,728.0,0.365575,0
21.0,732.0,0.381418,0
708.0,728.0,0.365946,0
71.0,734.0,0.5102,0
382.0,733.0,0.358813,0
196.0,737.0,0.374892,0
436.0,739.0,0.498254,0
665.0,738.0,0.488622,0
412.0,737.0,0.357937,0
941.0,740.0,0.374829,0
960.0,738.0,0.357921,0
589.0,742.0,0.364711,0
914.0,744.0,0.369352,0
756.0,766.0,0.448919,0
112.0,750.0,0.351657,0
714.0,754.0,0.424641,0
451.0,759.0,0.510009,0
603.0,768.0,0.439107,0
39.0,771.0,0.511869,0
250.0,765.0,0.353816,0
300.0,770.0,0.431165,0
118.0,771.0,0.36626,0
985.0,781.0,0.424512,0
712.0,779.0,0.393626,0
615.0,782.0,0.354809,0
734.0,782.0,0.354754,0
100.0,786.0,0.374825,0
366.0,787.0,0.370608,0
203.0,811.0,0.518698,0
304.0,794.0,0.391865,0
57.0,799.0,0.412252,0
716.0,823.0,0.458421,0
810.0,799.0,0.410217,0
791.0,843.0,0.512029,0
246.0,804.0,0.360217,0
590.0,805.0,0.391381,0
815.0,809.0,0.3696,0
145.0,812.0,0.353681,0
948.0,815.0,0.45108,0
25.0,815.0,0.372148,0
350.0,814.0,0.355226,0
816.0,820.0,0.387058,0
991.0,819.0,0.397728,0
352.0,821.0,0.365218,0
638.0,822.0,0.401399,0
366.0,845.0,0.488541,0
401.0,832.0,0.364785,0
430.0,832.0,0.353375,0
493.0,835.0,0.387082,0
860.0,835.0,0.377346,0
265.0,848.0,0.466751,0
40.0,841.0,0.36974,0
105.0,857.0,0.496939,0
53.0,854.0,0.444627,0
880.0,848.0,0.360156,0
496.0,854.0,0.413715,0
657.0,869.0,0.465331,0
464.0,867.0,0.496469,0
218.0,866.0,0.353731,0
380.0,873.0,0.387356,0
78.0,880.0,0.433938,0
229.0,885.0,0.380628,0
729.0,886.0,0.461083,0
464.0,903.0,0.478036,0
41.0,891.0,0.401629,0
755.0,897.0,0.442403,0
105.0,893.0,0.488117,0
327.0,896.0,0.395668,0
670.0,900.0,0.513624,0
885.0,897.0,0.389399,0
916.0,904.0,0.352709,0
161.0,909.0,0.401485,0
407.0,911.0,0.498655,0
187.0,920.0,0.437413,0
771.0,916.0,0.393265,0
812.0,916.0,0.351224,0
129.0,919.0,0.400022,0
876.0,923.0,0.427991,0
526.0,923.0,0.376488,0
654.0,936.0,0.442807,0
83.0,929.0,0.412663,0
493.0,959.0,0.554293,0
110.0,930.0,0.368281,0
758.0,940.0,0.442953,0
138.0,936.0,0.414335,0
696.0,947.0,0.377606,0
92.0,949.0,0.410292,0
340.0,951.0,0.416459,0
246.0,953.0,0.394562,0
769.0,952.0,0.367138,0
822.0,960.0,0.438787,0
991.0,959.0,0.397058,0
639.0,959.0,0.385264,0
61.0,961.0,0.365759,0
662.0,961.0,0.365795,0
433.0,964.0,0.378382,0
709.0,964.0,0.389765,0
944.0,966.0,0.350025,0
904.0,974.0,0.382581,0
391.0,975.0,0.388366,0
441.0,974.0,0.382635,0
715.0,974.0,0.391231,0
794.0,992.0,0.519188,0
102.0,974.0,0.35138,0
838.0,994.0,0.462532,0
254.0,978.0,0.361245,0
363.0,980.0,0.399348,0
598.0,987.0,0.433292,0
740.0,980.0,0.358664,0
42.0,996.0,0.513433,0
670.0,989.0,0.36605,0
716.0,993.0,0.547669,0
402.0,999.0,0.470861,0
681.0,995.0,0.376119,0
516.0,1000.0,0.430268,0
746.0,1001.0,0.436727,0
923.0,1002.0,0.433207,0
476.0,1004.0,0.362864,0
